Suite/Test/Step Name,Browser,Description,Tag,Start time,End time,Duration,Status
ArrangeByLogin,Chrome 122.0.0.0,first only not login test case will run after that 1 login is performed and next all remaining login test case will run,,07-03-2024 15:52:46,07-03-2024 16:57:06,1h - 4m - 20.168s,ERROR
,,,,,,,
Test Cases/ArangeByLogin/HomePage/TS_SMOKE_SUITE_001,Chrome 122.0.0.0,To Verify that user is able to the access the site by typing Redesign URL in the browse.,,07-03-2024 15:53:14,07-03-2024 15:53:39,24.471s,PASSED
"verifyElementPresent(findTestObject(""HomePage/Logo_hp""), 0)",Chrome 122.0.0.0,,,07-03-2024 15:53:14,07-03-2024 15:53:15,0.737s,PASSED
Start listener action : sampleAfterTestCase,Chrome 122.0.0.0,,,07-03-2024 15:53:15,07-03-2024 15:53:39,23.605s,ERROR
,,,,,,,
Test Cases/ArangeByLogin/HomePage/TS_SMOKE_SUITE_002,Chrome 122.0.0.0,"To verify  that system display the following link in the header
1.Departmentos
2.Marcas
3.Credito
4.Mesa de regalosa 
5.Search text box
6.Iniciar sesion
7.Ubica tu tienda 
8.Mis pedidos
9.Ayuda",,07-03-2024 15:53:39,07-03-2024 15:54:05,26.030s,PASSED
"verifyElementPresent(findTestObject(""HomePage/Logo_hp""), 0)",Chrome 122.0.0.0,,,07-03-2024 15:53:39,07-03-2024 15:53:39,0.351s,PASSED
"verifyElementPresent(findTestObject(""HomePage/Departamentos""), 0)",Chrome 122.0.0.0,,,07-03-2024 15:53:39,07-03-2024 15:53:39,0.301s,PASSED
"verifyElementPresent(findTestObject(""HomePage/brand1_HP""), 0)",Chrome 122.0.0.0,,,07-03-2024 15:53:39,07-03-2024 15:53:40,0.323s,PASSED
"verifyElementPresent(findTestObject(""HomePage/brand2_HP""), 0)",Chrome 122.0.0.0,,,07-03-2024 15:53:40,07-03-2024 15:53:40,0.315s,PASSED
"verifyElementPresent(findTestObject(""HomePage/brand3_HP""), 0)",Chrome 122.0.0.0,,,07-03-2024 15:53:40,07-03-2024 15:53:40,0.283s,PASSED
"verifyElementPresent(findTestObject(""HomePage/brand4_HP""), 0)",Chrome 122.0.0.0,,,07-03-2024 15:53:40,07-03-2024 15:53:41,0.298s,PASSED
"verifyElementPresent(findTestObject(""HomePage/mesa_de_regalos_HP""), 0)",Chrome 122.0.0.0,,,07-03-2024 15:53:41,07-03-2024 15:53:41,0.283s,PASSED
"verifyElementPresent(findTestObject(""HomePage/credito_HP""), 0)",Chrome 122.0.0.0,,,07-03-2024 15:53:41,07-03-2024 15:53:41,0.283s,PASSED
"verifyElementPresent(findTestObject(""HomePage/MainSearchbar_HP""), 0)",Chrome 122.0.0.0,,,07-03-2024 15:53:41,07-03-2024 15:53:41,0.331s,PASSED
"verifyElementPresent(findTestObject(""HomePage/Iniciar sesion""), 0)",Chrome 122.0.0.0,,,07-03-2024 15:53:41,07-03-2024 15:53:42,0.330s,PASSED
"verifyElementPresent(findTestObject(""HomePage/Tiendas_HP""), 0)",Chrome 122.0.0.0,,,07-03-2024 15:53:42,07-03-2024 15:53:42,0.330s,PASSED
"verifyElementPresent(findTestObject(""HomePage/Ayuda_HP""), 0)",Chrome 122.0.0.0,,,07-03-2024 15:53:42,07-03-2024 15:53:42,0.314s,PASSED
Start listener action : sampleAfterTestCase,Chrome 122.0.0.0,,,07-03-2024 15:53:42,07-03-2024 15:54:05,22.225s,ERROR
,,,,,,,
Test Cases/ArangeByLogin/HomePage/TS_SMOKE_SUITE_003,Chrome 122.0.0.0,To verify the display of L1 category flyout on mouse hover the Departmentos link,,07-03-2024 15:54:05,07-03-2024 15:54:46,41.773s,PASSED
navigateToUrl(URL),Chrome 122.0.0.0,,,07-03-2024 15:54:05,07-03-2024 15:54:18,13.013s,PASSED
"mouseOver(findTestObject(""HomePage/Departamentos""))",Chrome 122.0.0.0,,,07-03-2024 15:54:18,07-03-2024 15:54:22,4.089s,PASSED
"verifyElementClickable(findTestObject(""HomePage/L1_Category1_HP""))",Chrome 122.0.0.0,,,07-03-2024 15:54:22,07-03-2024 15:54:22,0.314s,PASSED
"click(findTestObject(""HomePage/L1_Category1_HP""))",Chrome 122.0.0.0,,,07-03-2024 15:54:22,07-03-2024 15:54:23,0.411s,PASSED
"mouseOver(findTestObject(""HomePage/L1_Category1_HP""))",Chrome 122.0.0.0,,,07-03-2024 15:54:23,07-03-2024 15:54:23,0.706s,PASSED
"verifyElementClickable(findTestObject(""HomePage/L2CategoryInFlyout_HP""))",Chrome 122.0.0.0,,,07-03-2024 15:54:23,07-03-2024 15:54:24,0.355s,PASSED
"verifyElementClickable(findTestObject(""HomePage/L3CategoriesInFlyout_HP""))",Chrome 122.0.0.0,,,07-03-2024 15:54:24,07-03-2024 15:54:24,0.299s,PASSED
Start listener action : sampleAfterTestCase,Chrome 122.0.0.0,,,07-03-2024 15:54:24,07-03-2024 15:54:46,22.498s,ERROR
,,,,,,,
Test Cases/ArangeByLogin/HomePage/TS_SMOKE_SUITE_007,Chrome 122.0.0.0,To verify the display of Login overlay when Anonymous user click on  Iniciar sesion link,,07-03-2024 15:54:46,07-03-2024 15:55:26,39.530s,PASSED
waitForPageLoad(5),Chrome 122.0.0.0,,,07-03-2024 15:54:47,07-03-2024 15:54:47,0.031s,PASSED
"click(findTestObject(""HomePage/Iniciar sesion""), STOP_ON_FAILURE)",Chrome 122.0.0.0,,,07-03-2024 15:54:47,07-03-2024 15:54:47,0.398s,PASSED
"verifyElementPresent(findTestObject(""HomePage/EnterUsername_LP""), 0)",Chrome 122.0.0.0,,,07-03-2024 15:54:47,07-03-2024 15:54:53,6.212s,PASSED
"verifyElementPresent(findTestObject(""HomePage/EnterPassword_LP""), 0)",Chrome 122.0.0.0,,,07-03-2024 15:54:53,07-03-2024 15:54:53,0.286s,PASSED
navigateToUrl(URL),Chrome 122.0.0.0,,,07-03-2024 15:54:53,07-03-2024 15:55:04,10.398s,PASSED
Start listener action : sampleAfterTestCase,Chrome 122.0.0.0,,,07-03-2024 15:55:04,07-03-2024 15:55:26,22.111s,ERROR
,,,,,,,
Test Cases/ArangeByLogin/HomePage/TS_SMOKE_SUITE_008,Chrome 122.0.0.0,"To verify that the user is navigated to  ""Tiendas""( Store locator) page by clicking on the  “Ubica tu tienda "" link on the header section.",,07-03-2024 15:55:26,07-03-2024 15:56:16,49.557s,PASSED
"click(findTestObject(""HomePage/Tiendas_HP""), STOP_ON_FAILURE)",Chrome 122.0.0.0,,,07-03-2024 15:55:26,07-03-2024 15:55:26,0.367s,PASSED
"verifyElementPresent(findTestObject(""SLP/breadCrumb_SLP""), 0)",Chrome 122.0.0.0,,,07-03-2024 15:55:26,07-03-2024 15:55:36,9.802s,PASSED
"verifyElementPresent(findTestObject(""SLP/Map_Verify_slp""), 0)",Chrome 122.0.0.0,,,07-03-2024 15:55:36,07-03-2024 15:55:37,0.700s,PASSED
"verifyElementPresent(findTestObject(""SLP/find_store_title_SLP""), 0)",Chrome 122.0.0.0,,,07-03-2024 15:55:37,07-03-2024 15:55:38,1.009s,PASSED
navigateToUrl(URL),Chrome 122.0.0.0,,,07-03-2024 15:55:38,07-03-2024 15:55:53,14.740s,PASSED
Start listener action : sampleAfterTestCase,Chrome 122.0.0.0,,,07-03-2024 15:55:53,07-03-2024 15:56:16,22.813s,ERROR
,,,,,,,
Test Cases/ArangeByLogin/HomePage/TS_SMOKE_SUITE_009,Chrome 122.0.0.0,"To verify that an Anonymous user is navigated to Login page by clicking on the  “Mis pedidos"" link on the header section.",,07-03-2024 15:56:16,07-03-2024 15:56:54,38.632s,PASSED
"click(findTestObject(""HomePage/Mis_comprar""), STOP_ON_FAILURE)",Chrome 122.0.0.0,,,07-03-2024 15:56:16,07-03-2024 15:56:16,0.396s,PASSED
"click(findTestObject(""HomePage/Iniciar_miscompras""))",Chrome 122.0.0.0,,,07-03-2024 15:56:16,07-03-2024 15:56:21,4.912s,PASSED
"verifyElementPresent(findTestObject(""HomePage/EnterUsername_LP""), 0)",Chrome 122.0.0.0,,,07-03-2024 15:56:21,07-03-2024 15:56:24,2.743s,PASSED
"verifyElementPresent(findTestObject(""HomePage/EnterPassword_LP""), 0)",Chrome 122.0.0.0,,,07-03-2024 15:56:24,07-03-2024 15:56:24,0.290s,PASSED
Start listener action : sampleAfterTestCase,Chrome 122.0.0.0,,,07-03-2024 15:56:24,07-03-2024 15:56:54,30.228s,ERROR
,,,,,,,
Test Cases/ArangeByLogin/HomePage/TS_SMOKE_SUITE_013,Chrome 122.0.0.0,To verify that the user is able to create account from Login overlay,,07-03-2024 15:56:54,07-03-2024 15:57:37,42.919s,ERROR
"openBrowser("""")",Chrome 122.0.0.0,,,07-03-2024 15:56:54,07-03-2024 15:56:56,1.388s,PASSED
navigateToUrl(URL),Chrome 122.0.0.0,,,07-03-2024 15:56:56,07-03-2024 15:57:12,16.712s,PASSED
randomemail = a.GenerateRandomEmail.generateRandomEmail(),Chrome 122.0.0.0,,,07-03-2024 15:57:12,07-03-2024 15:57:12,0.038s,ERROR
Start listener action : sampleAfterTestCase,Chrome 122.0.0.0,,,07-03-2024 15:57:12,07-03-2024 15:57:37,24.646s,ERROR
,,,,,,,
Test Cases/ArangeByLogin/Browse and Shop/TS_SMOKE_SUITE_039,Chrome 122.0.0.0,To verify that the breadcrumbs are clickable when user has landed on L1 category page.,,07-03-2024 15:57:37,07-03-2024 15:58:10,32.402s,PASSED
"click(findTestObject(""HomePage/Departamentos""), STOP_ON_FAILURE)",Chrome 122.0.0.0,,,07-03-2024 15:57:37,07-03-2024 15:57:38,0.421s,PASSED
"verifyElementClickable(findTestObject(""HomePage/L1_Category1_HP""))",Chrome 122.0.0.0,,,07-03-2024 15:57:38,07-03-2024 15:57:38,0.524s,PASSED
"click(findTestObject(""HomePage/L1_Category_HP""))",Chrome 122.0.0.0,,,07-03-2024 15:57:38,07-03-2024 15:57:39,0.389s,PASSED
"verifyElementClickable(findTestObject(""CLPPage/breadCrumb_clp""))",Chrome 122.0.0.0,,,07-03-2024 15:57:39,07-03-2024 15:57:47,8.726s,PASSED
Start listener action : sampleAfterTestCase,Chrome 122.0.0.0,,,07-03-2024 15:57:47,07-03-2024 15:58:10,22.267s,ERROR
,,,,,,,
Test Cases/ArangeByLogin/Browse and Shop/TS_SMOKE_SUITE_047,Chrome 122.0.0.0,To verify the display of facets on the item listing page,,07-03-2024 15:58:10,07-03-2024 15:58:49,39.153s,PASSED
"callTestCase(findTestCase(""CommonMethods/SearchForAProduct_search""), [""searchTerm"":""ropa""], STOP_ON_FAILURE)",Chrome 122.0.0.0,,,07-03-2024 15:58:10,07-03-2024 15:58:19,9.405s,PASSED
"verifyElementClickable(findTestObject(""CLPPage/breadCrumb_clp""))",Chrome 122.0.0.0,,,07-03-2024 15:58:19,07-03-2024 15:58:24,4.653s,PASSED
"verifyElementPresent(findTestObject(""PLPPage/facetes/CategoríasTitleFacet_PLP""), 0)",Chrome 122.0.0.0,,,07-03-2024 15:58:24,07-03-2024 15:58:24,0.303s,PASSED
"verifyElementPresent(findTestObject(""PLPPage/facetes/DescontousTitleFacet_PLP""), 0)",Chrome 122.0.0.0,,,07-03-2024 15:58:24,07-03-2024 15:58:25,0.694s,PASSED
"verifyElementPresent(findTestObject(""PLPPage/facetes/TamanoTitleFacet_PLP""), 0)",Chrome 122.0.0.0,,,07-03-2024 15:58:25,07-03-2024 15:58:25,0.333s,PASSED
"verifyElementPresent(findTestObject(""PLPPage/facetes/MarcasTitleFacet_PLP""), 0, OPTIONAL)",Chrome 122.0.0.0,,,07-03-2024 15:58:25,07-03-2024 15:58:25,0.311s,PASSED
"verifyElementPresent(findTestObject(""PLPPage/facetes/VendidoTitleFacet_PLP""), 0)",Chrome 122.0.0.0,,,07-03-2024 15:58:25,07-03-2024 15:58:26,0.323s,PASSED
"verifyElementPresent(findTestObject(""PLPPage/facetes/PreciosTitleFacet_PLP""), 0)",Chrome 122.0.0.0,,,07-03-2024 15:58:26,07-03-2024 15:58:26,0.333s,PASSED
Start listener action : sampleAfterTestCase,Chrome 122.0.0.0,,,07-03-2024 15:58:26,07-03-2024 15:58:49,22.705s,ERROR
,,,,,,,
Test Cases/ArangeByLogin/Browse and Shop/TS_SMOKE_SUITE_048,Chrome 122.0.0.0,To verify the display of price range on the item listing page for multi sku items.,,07-03-2024 15:58:49,07-03-2024 15:59:26,37.244s,PASSED
"callTestCase(findTestCase(""CommonMethods/SearchForAProduct_search""), [""searchTerm"":Multi_Sku_With_Range_Plp], STOP_ON_FAILURE)",Chrome 122.0.0.0,,,07-03-2024 15:58:49,07-03-2024 15:58:57,8.212s,PASSED
"a = getText(findTestObject(""PLPPage/product2_cardPrice_PLP""))",Chrome 122.0.0.0,"verify price range
",,07-03-2024 15:58:57,07-03-2024 15:59:03,6.045s,PASSED
"b = getText(findTestObject(""PLPPage/product-2-DiscountPrice_PLP""))",Chrome 122.0.0.0,"verify price range
",,07-03-2024 15:59:03,07-03-2024 15:59:04,0.353s,PASSED
"a1 = a.contains(""-"")",Chrome 122.0.0.0,,,07-03-2024 15:59:04,07-03-2024 15:59:04,0.001s,PASSED
"b1 = b.contains(""-"")",Chrome 122.0.0.0,,,07-03-2024 15:59:04,07-03-2024 15:59:04,0.001s,PASSED
out.println(a1),Chrome 122.0.0.0,,,07-03-2024 15:59:04,07-03-2024 15:59:04,0.029s,PASSED
out.println(b1),Chrome 122.0.0.0,,,07-03-2024 15:59:04,07-03-2024 15:59:04,0.002s,PASSED
if (a1 == true && b1 == true),Chrome 122.0.0.0,,,07-03-2024 15:59:04,07-03-2024 15:59:04,0.002s,PASSED
Start listener action : sampleAfterTestCase,Chrome 122.0.0.0,,,07-03-2024 15:59:04,07-03-2024 15:59:26,22.424s,ERROR
,,,,,,,
Test Cases/ArangeByLogin/Browse and Shop/TS_SMOKE_SUITE_049,Chrome 122.0.0.0,To verify the display of list price & sale price on the item listing page for single sku items.,,07-03-2024 15:59:26,07-03-2024 16:00:03,36.685s,PASSED
"callTestCase(findTestCase(""CommonMethods/SearchForAProduct_search""), [""searchTerm"":rate_CPandDP], STOP_ON_FAILURE)",Chrome 122.0.0.0,,,07-03-2024 15:59:26,07-03-2024 15:59:35,9.001s,PASSED
"verifyElementVisible(findTestObject(""PLPPage/product1_cardPrice_PLP""))",Chrome 122.0.0.0,"verify selling price
",,07-03-2024 15:59:35,07-03-2024 15:59:40,4.920s,PASSED
"verifyElementVisible(findTestObject(""PLPPage/product1_discountPrice_PLP""))",Chrome 122.0.0.0,"verify listed price
",,07-03-2024 15:59:40,07-03-2024 15:59:40,0.348s,PASSED
Start listener action : sampleAfterTestCase,Chrome 122.0.0.0,,,07-03-2024 15:59:40,07-03-2024 16:00:03,22.316s,ERROR
,,,,,,,
Test Cases/ArangeByLogin/Browse and Shop/TS_SMOKE_SUITE_055,Chrome 122.0.0.0,To verify the display of product price range on PDP page for multi sku item.,,07-03-2024 16:00:03,07-03-2024 16:00:46,43.483s,PASSED
"callTestCase(findTestCase(""CommonMethods/SearchForAProduct_search""), [""searchTerm"":ProductRangeMultiSKU], STOP_ON_FAILURE)",Chrome 122.0.0.0,,,07-03-2024 16:00:03,07-03-2024 16:00:11,8.221s,PASSED
"verifyElementPresent(findTestObject(""PDPPage/Colour2_PDP""), 0)",Chrome 122.0.0.0,"verify milti sku
",,07-03-2024 16:00:11,07-03-2024 16:00:33,22.189s,PASSED
"verifyElementPresent(findTestObject(""PDPPage/minus(-)(priceRange)_PDP""), 0)",Chrome 122.0.0.0,"verify price range
",,07-03-2024 16:00:33,07-03-2024 16:00:35,1.360s,PASSED
Start listener action : sampleAfterTestCase,Chrome 122.0.0.0,,,07-03-2024 16:00:35,07-03-2024 16:00:46,11.630s,ERROR
,,,,,,,
Test Cases/ArangeByLogin/Browse and Shop/TS_SMOKE_SUITE_054,Chrome 122.0.0.0,To verify the display of product price on PDP page for single sku item.,,07-03-2024 16:00:46,07-03-2024 16:01:35,49.030s,PASSED
navigateToUrl(URL),Chrome 122.0.0.0,,,07-03-2024 16:00:46,07-03-2024 16:01:00,13.987s,PASSED
"callTestCase(findTestCase(""CommonMethods/SearchForAProduct_search""), [""searchTerm"":""zap""], STOP_ON_FAILURE)",Chrome 122.0.0.0,,,07-03-2024 16:01:00,07-03-2024 16:01:09,8.533s,PASSED
"click(findTestObject(""PLPPage/product1_PLP""))",Chrome 122.0.0.0,,,07-03-2024 16:01:09,07-03-2024 16:01:14,5.457s,PASSED
"verifyElementPresent(findTestObject(""PDPPage/Colour1_PDP""), 0)",Chrome 122.0.0.0,,,07-03-2024 16:01:14,07-03-2024 16:01:22,7.467s,PASSED
"verifyElementNotPresent(findTestObject(""PDPPage/Colour2_PDP""), 0)",Chrome 122.0.0.0,"verify sku not present
",,07-03-2024 16:01:22,07-03-2024 16:01:23,1.442s,PASSED
"verifyElementPresent(findTestObject(""PDPPage/discountPrice_PDP""), 0)",Chrome 122.0.0.0,"verify discount price present
",,07-03-2024 16:01:23,07-03-2024 16:01:23,0.362s,PASSED
"verifyElementPresent(findTestObject(""PDPPage/cardPrice_PDP""), 0)",Chrome 122.0.0.0,"verify card price present
",,07-03-2024 16:01:23,07-03-2024 16:01:24,0.329s,PASSED
Start listener action : sampleAfterTestCase,Chrome 122.0.0.0,,,07-03-2024 16:01:24,07-03-2024 16:01:35,11.375s,ERROR
,,,,,,,
Test Cases/ArangeByLogin/Browse and Shop/TS_SMOKE_SUITE_056,Chrome 122.0.0.0,To verify the display of PDP for single sku,,07-03-2024 16:01:35,07-03-2024 16:02:13,37.650s,PASSED
"callTestCase(findTestCase(""CommonMethods/SearchForAProduct_search""), [""searchTerm"":""pantalon""], STOP_ON_FAILURE)",Chrome 122.0.0.0,,,07-03-2024 16:01:35,07-03-2024 16:01:44,8.408s,PASSED
"click(findTestObject(""PLPPage/product-2-DiscountPrice_PLP""))",Chrome 122.0.0.0,,,07-03-2024 16:01:44,07-03-2024 16:01:49,5.211s,PASSED
"verifyElementClickable(findTestObject(""PDPPage/ProductName_PDP""))",Chrome 122.0.0.0,,,07-03-2024 16:01:49,07-03-2024 16:01:59,9.905s,PASSED
"verifyElementClickable(findTestObject(""PDPPage/ProductID_pdp""))",Chrome 122.0.0.0,,,07-03-2024 16:01:59,07-03-2024 16:01:59,0.566s,PASSED
"verifyElementClickable(findTestObject(""PDPPage/discountPrice_PDP""))",Chrome 122.0.0.0,,,07-03-2024 16:01:59,07-03-2024 16:02:00,0.315s,PASSED
"verifyElementClickable(findTestObject(""PDPPage/Colour1_PDP""))",Chrome 122.0.0.0,,,07-03-2024 16:02:00,07-03-2024 16:02:00,0.331s,PASSED
"verifyElementClickable(findTestObject(""PDPPage/Alternate_Img_pdp""))",Chrome 122.0.0.0,,,07-03-2024 16:02:00,07-03-2024 16:02:00,0.283s,PASSED
"verifyElementClickable(findTestObject(""PDPPage/AddToCart_PDP""))",Chrome 122.0.0.0,,,07-03-2024 16:02:00,07-03-2024 16:02:01,0.330s,PASSED
"verifyElementClickable(findTestObject(""PDPPage/Detail_PDP""))",Chrome 122.0.0.0,,,07-03-2024 16:02:01,07-03-2024 16:02:01,0.378s,PASSED
"verifyElementClickable(findTestObject(""PDPPage/breadCrumb_pdp""))",Chrome 122.0.0.0,,,07-03-2024 16:02:01,07-03-2024 16:02:01,0.331s,PASSED
Start listener action : sampleAfterTestCase,Chrome 122.0.0.0,,,07-03-2024 16:02:01,07-03-2024 16:02:13,11.529s,ERROR
,,,,,,,
Test Cases/ArangeByLogin/Browse and Shop/TS_SMOKE_SUITE_057,Chrome 122.0.0.0,To verify the display of PDP for multi  sku item,,07-03-2024 16:02:13,07-03-2024 16:02:47,34.185s,PASSED
"callTestCase(findTestCase(""CommonMethods/SearchForAProduct_search""), [""searchTerm"":ProductNoRangeMultiSKU], STOP_ON_FAILURE)",Chrome 122.0.0.0,,,07-03-2024 16:02:13,07-03-2024 16:02:21,8.207s,PASSED
"verifyElementClickable(findTestObject(""PDPPage/discountPrice_PDP""))",Chrome 122.0.0.0,,,07-03-2024 16:02:21,07-03-2024 16:02:32,11.088s,PASSED
"verifyElementClickable(findTestObject(""PDPPage/breadCrumb_pdp""))",Chrome 122.0.0.0,"
",,07-03-2024 16:02:32,07-03-2024 16:02:33,0.330s,PASSED
"verifyElementClickable(findTestObject(""PDPPage/Colour1_PDP""))",Chrome 122.0.0.0,,,07-03-2024 16:02:33,07-03-2024 16:02:33,0.314s,PASSED
"verifyElementClickable(findTestObject(""PDPPage/Colour2_PDP""))",Chrome 122.0.0.0,,,07-03-2024 16:02:33,07-03-2024 16:02:33,0.346s,PASSED
"verifyElementClickable(findTestObject(""PDPPage/AddToCart_PDP""))",Chrome 122.0.0.0,,,07-03-2024 16:02:33,07-03-2024 16:02:34,0.309s,PASSED
"verifyElementClickable(findTestObject(""PDPPage/Alternate_Img_pdp""))",Chrome 122.0.0.0,,,07-03-2024 16:02:34,07-03-2024 16:02:34,0.330s,PASSED
"verifyElementClickable(findTestObject(""PDPPage/Detail_PDP""))",Chrome 122.0.0.0,"
",,07-03-2024 16:02:34,07-03-2024 16:02:34,0.345s,PASSED
"verifyElementClickable(findTestObject(""PDPPage/ProductName_PDP""))",Chrome 122.0.0.0,"verify pdp price

",,07-03-2024 16:02:34,07-03-2024 16:02:35,0.298s,PASSED
"verifyElementClickable(findTestObject(""PDPPage/ProductID_pdp""))",Chrome 122.0.0.0,"verify pdp price

",,07-03-2024 16:02:35,07-03-2024 16:02:35,0.299s,PASSED
"verifyElementClickable(findTestObject(""PDPPage/Detail_PDP""))",Chrome 122.0.0.0,"verify pdp price

",,07-03-2024 16:02:35,07-03-2024 16:02:35,0.330s,PASSED
Start listener action : sampleAfterTestCase,Chrome 122.0.0.0,,,07-03-2024 16:02:35,07-03-2024 16:02:47,11.902s,ERROR
,,,,,,,
Test Cases/ArangeByLogin/Search/TS_SMOKE_SUITE_059,Chrome 122.0.0.0,To verify the default display of the products per page in the search result page,search,07-03-2024 16:02:47,07-03-2024 16:03:23,36.187s,PASSED
"callTestCase(findTestCase(""CommonMethods/SearchForAProduct_search""), [""searchTerm"":""mac""], STOP_ON_FAILURE)",Chrome 122.0.0.0,,,07-03-2024 16:02:47,07-03-2024 16:02:56,8.874s,PASSED
"verifyElementPresent(findTestObject(""PDPPage/product_56_PDP""), 0)",Chrome 122.0.0.0,"last product at a page  not 45

",,07-03-2024 16:02:56,07-03-2024 16:03:01,4.557s,PASSED
"verifyElementNotPresent(findTestObject(""PDPPage/product_57_PDP""), 0)",Chrome 122.0.0.0,,,07-03-2024 16:03:01,07-03-2024 16:03:01,0.332s,PASSED
Start listener action : sampleAfterTestCase,Chrome 122.0.0.0,,,07-03-2024 16:03:01,07-03-2024 16:03:23,22.356s,ERROR
,,,,,,,
Test Cases/ArangeByLogin/Search/TS_SMOKE_SUITE_060,Chrome 122.0.0.0,To verify the functionality of facet selection in search result page.,,07-03-2024 16:03:23,07-03-2024 16:04:22,58.287s,PASSED
navigateToUrl(URL),Chrome 122.0.0.0,,,07-03-2024 16:03:23,07-03-2024 16:03:40,16.742s,PASSED
"callTestCase(findTestCase(""CommonMethods/SearchForAProduct_search""), [""searchTerm"":""mac""], STOP_ON_FAILURE)",Chrome 122.0.0.0,,,07-03-2024 16:03:40,07-03-2024 16:03:48,8.285s,PASSED
waitForPageLoad(0),Chrome 122.0.0.0,,,07-03-2024 16:03:48,07-03-2024 16:03:48,0.019s,PASSED
"verifyElementPresent(findTestObject(""PLPPage/facetes/Facet_Seller_liverpool_PLP""), 0)",Chrome 122.0.0.0,,,07-03-2024 16:03:48,07-03-2024 16:03:53,4.439s,PASSED
"a = getText(findTestObject(""PLPPage/Facet_Seller_liverpool_title_PLP""), STOP_ON_FAILURE)",Chrome 122.0.0.0,,,07-03-2024 16:03:53,07-03-2024 16:03:53,0.347s,PASSED
"click(findTestObject(""PLPPage/facetes/Facet_Seller_liverpool_PLP""), STOP_ON_FAILURE)",Chrome 122.0.0.0,,,07-03-2024 16:03:53,07-03-2024 16:03:54,0.421s,PASSED
"b = getText(findTestObject(""PLPPage/facetes/selectedfacet1_PLP""))",Chrome 122.0.0.0,,,07-03-2024 16:03:54,07-03-2024 16:03:59,5.771s,PASSED
out.println(a),Chrome 122.0.0.0,,,07-03-2024 16:03:59,07-03-2024 16:03:59,0.008s,PASSED
out.println(b),Chrome 122.0.0.0,,,07-03-2024 16:03:59,07-03-2024 16:03:59,0.000s,PASSED
if (a.contains(b)),Chrome 122.0.0.0,,,07-03-2024 16:03:59,07-03-2024 16:03:59,0.008s,PASSED
Start listener action : sampleAfterTestCase,Chrome 122.0.0.0,,,07-03-2024 16:03:59,07-03-2024 16:04:22,22.138s,ERROR
,,,,,,,
Test Cases/ArangeByLogin/Search/TS_SMOKE_SUITE_061,Chrome 122.0.0.0,To verify the functionality of pagination in search result page.,search,07-03-2024 16:04:22,07-03-2024 16:05:20,58.551s,PASSED
"callTestCase(findTestCase(""CommonMethods/SearchForAProduct_search""), [""searchTerm"":""mac""], STOP_ON_FAILURE)",Chrome 122.0.0.0,,,07-03-2024 16:04:22,07-03-2024 16:04:30,8.256s,PASSED
waitForPageLoad(0),Chrome 122.0.0.0,,,07-03-2024 16:04:30,07-03-2024 16:04:30,0.011s,PASSED
"scrollToElement(findTestObject(""PLPPage/pagenation_1_PLP""), 0)",Chrome 122.0.0.0,,,07-03-2024 16:04:30,07-03-2024 16:04:37,6.961s,PASSED
"scrollToPosition(450, 0)",Chrome 122.0.0.0,,,07-03-2024 16:04:37,07-03-2024 16:04:37,0.038s,PASSED
"click(findTestObject(""PLPPage/pagenation_2_PLP""), STOP_ON_FAILURE)",Chrome 122.0.0.0,,,07-03-2024 16:04:37,07-03-2024 16:04:37,0.445s,PASSED
delay(10),Chrome 122.0.0.0,,,07-03-2024 16:04:37,07-03-2024 16:04:47,10.003s,PASSED
a1 = getUrl(),Chrome 122.0.0.0,,,07-03-2024 16:04:47,07-03-2024 16:04:47,0.015s,PASSED
out.println(a1),Chrome 122.0.0.0,,,07-03-2024 16:04:47,07-03-2024 16:04:47,0.000s,PASSED
"a = a1.contains(""page-2"")",Chrome 122.0.0.0,,,07-03-2024 16:04:47,07-03-2024 16:04:47,0.000s,PASSED
out.println(a),Chrome 122.0.0.0,,,07-03-2024 16:04:47,07-03-2024 16:04:47,0.000s,PASSED
"scrollToElement(findTestObject(""PLPPage/pagenation_1_PLP""), 0)",Chrome 122.0.0.0,,,07-03-2024 16:04:47,07-03-2024 16:04:48,0.316s,PASSED
waitForPageLoad(0),Chrome 122.0.0.0,,,07-03-2024 16:04:48,07-03-2024 16:04:48,0.017s,PASSED
"click(findTestObject(""PLPPage/pagenation_1_PLP""), STOP_ON_FAILURE)",Chrome 122.0.0.0,,,07-03-2024 16:04:48,07-03-2024 16:04:48,0.375s,PASSED
delay(10),Chrome 122.0.0.0,,,07-03-2024 16:04:48,07-03-2024 16:04:58,10.010s,PASSED
if (a == true),Chrome 122.0.0.0,,,07-03-2024 16:04:58,07-03-2024 16:04:58,0.000s,PASSED
b1 = getUrl(),Chrome 122.0.0.0,,,07-03-2024 16:04:58,07-03-2024 16:04:58,0.015s,PASSED
"b = b1.contains(""page-1"")",Chrome 122.0.0.0,,,07-03-2024 16:04:58,07-03-2024 16:04:58,0.000s,PASSED
out.println(b1),Chrome 122.0.0.0,,,07-03-2024 16:04:58,07-03-2024 16:04:58,0.000s,PASSED
if (b == true),Chrome 122.0.0.0,,,07-03-2024 16:04:58,07-03-2024 16:04:58,0.000s,PASSED
Start listener action : sampleAfterTestCase,Chrome 122.0.0.0,,,07-03-2024 16:04:58,07-03-2024 16:05:20,21.966s,ERROR
,,,,,,,
Test Cases/ArangeByLogin/Search/TS_SMOKE_SUITE_062,Chrome 122.0.0.0,To verify display of price for the product in search result page.,,07-03-2024 16:05:20,07-03-2024 16:05:58,37.500s,PASSED
"callTestCase(findTestCase(""CommonMethods/SearchForAProduct_search""), [""searchTerm"":""vaso""], STOP_ON_FAILURE)",Chrome 122.0.0.0,,,07-03-2024 16:05:20,07-03-2024 16:05:29,8.669s,PASSED
waitForPageLoad(0),Chrome 122.0.0.0,,,07-03-2024 16:05:29,07-03-2024 16:05:29,0.010s,PASSED
"verifyElementPresent(findTestObject(""PLPPage/product1_cardPrice_PLP""), 0)",Chrome 122.0.0.0,,,07-03-2024 16:05:29,07-03-2024 16:05:35,6.186s,PASSED
"verifyElementPresent(findTestObject(""PLPPage/product1_discountPrice_PLP""), 0)",Chrome 122.0.0.0,,,07-03-2024 16:05:35,07-03-2024 16:05:35,0.355s,PASSED
Start listener action : sampleAfterTestCase,Chrome 122.0.0.0,,,07-03-2024 16:05:35,07-03-2024 16:05:58,22.203s,ERROR
,,,,,,,
Test Cases/ArangeByLogin/Search/TS_SMOKE_SUITE_063,Chrome 122.0.0.0,To verify the display of the color swatches in search result page,,07-03-2024 16:05:58,07-03-2024 16:06:33,35.615s,PASSED
"callTestCase(findTestCase(""CommonMethods/SearchForAProduct_search""), [""searchTerm"":PLP_with_pagenation], STOP_ON_FAILURE)",Chrome 122.0.0.0,,,07-03-2024 16:05:58,07-03-2024 16:06:06,8.502s,PASSED
waitForPageLoad(0),Chrome 122.0.0.0,,,07-03-2024 16:06:06,07-03-2024 16:06:06,0.013s,PASSED
"scrollToElement(findTestObject(""PLPPage/facetes/ColorTitleFacet_PLP""), 0)",Chrome 122.0.0.0,,,07-03-2024 16:06:06,07-03-2024 16:06:11,4.627s,PASSED
"verifyElementPresent(findTestObject(""PLPPage/facetes/Color_1_facet_PLP""), 0)",Chrome 122.0.0.0,,,07-03-2024 16:06:11,07-03-2024 16:06:11,0.275s,PASSED
Start listener action : sampleAfterTestCase,Chrome 122.0.0.0,,,07-03-2024 16:06:11,07-03-2024 16:06:33,22.120s,ERROR
,,,,,,,
Test Cases/ArangeByLogin/Search/TS_SMOKE_SUITE_069,Chrome 122.0.0.0,To verify the search result page when user selects the price as sorting option,,07-03-2024 16:06:33,07-03-2024 16:07:47,1m - 13.572s,PASSED
"callTestCase(findTestCase(""CommonMethods/SearchForAProduct_search""), [""searchTerm"":SLSearchTerm], STOP_ON_FAILURE)",Chrome 122.0.0.0,,,07-03-2024 16:06:33,07-03-2024 16:06:41,7.586s,PASSED
"click(findTestObject(""PLPPage/Sortby_PLP""))",Chrome 122.0.0.0,,,07-03-2024 16:06:41,07-03-2024 16:06:48,6.661s,PASSED
"enhancedClick(findTestObject(""PLPPage/LowPricetoHighSortBy_PLP""))",Chrome 122.0.0.0,,,07-03-2024 16:06:48,07-03-2024 16:06:59,11.094s,PASSED
"productcardprice3 = getText(findTestObject(""PLPPage/product-2-DiscountPrice_PLP""))",Chrome 122.0.0.0,,,07-03-2024 16:06:59,07-03-2024 16:07:03,4.243s,PASSED
"productcardprice4 = getText(findTestObject(""PLPPage/Product3DiscountPrice_PLP""))",Chrome 122.0.0.0,,,07-03-2024 16:07:03,07-03-2024 16:07:03,0.314s,PASSED
if (productcardprice3 <= productcardprice4),Chrome 122.0.0.0,,,07-03-2024 16:07:03,07-03-2024 16:07:03,0.000s,PASSED
"click(findTestObject(""PLPPage/Sortby_PLP""))",Chrome 122.0.0.0,,,07-03-2024 16:07:03,07-03-2024 16:07:04,0.356s,PASSED
"enhancedClick(findTestObject(""PLPPage/HighToLowPriceSortby_PLP""))",Chrome 122.0.0.0,,,07-03-2024 16:07:04,07-03-2024 16:07:15,11.127s,PASSED
delay(5),Chrome 122.0.0.0,,,07-03-2024 16:07:15,07-03-2024 16:07:20,5.004s,PASSED
"productcardprice1 = getText(findTestObject(""PLPPage/product-1-DiscountPrice_PLP""))",Chrome 122.0.0.0,,,07-03-2024 16:07:20,07-03-2024 16:07:24,3.968s,PASSED
"productcardprice2 = getText(findTestObject(""PLPPage/product-3-DiscountPrice_PLP""))",Chrome 122.0.0.0,,,07-03-2024 16:07:24,07-03-2024 16:07:24,0.518s,PASSED
if (productcardprice1 >= productcardprice2),Chrome 122.0.0.0,,,07-03-2024 16:07:24,07-03-2024 16:07:24,0.000s,PASSED
Start listener action : sampleAfterTestCase,Chrome 122.0.0.0,,,07-03-2024 16:07:24,07-03-2024 16:07:47,22.582s,ERROR
,,,,,,,
Test Cases/ArangeByLogin/Search/TS_SMOKE_SUITE_070,Chrome 122.0.0.0,to verify the pagination in the search result page,,07-03-2024 16:07:47,07-03-2024 16:08:49,1m - 2.384s,PASSED
"callTestCase(findTestCase(""CommonMethods/SearchForAProduct_search""), [""searchTerm"":""mac""], STOP_ON_FAILURE)",Chrome 122.0.0.0,,,07-03-2024 16:07:47,07-03-2024 16:07:55,8.475s,PASSED
"scrollToElement(findTestObject(""PLPPage/ForwardArrow_Pagenation_PLP""), 0)",Chrome 122.0.0.0,,,07-03-2024 16:07:55,07-03-2024 16:08:00,4.364s,PASSED
"click(findTestObject(""PLPPage/ForwardArrow_Pagenation_PLP""), STOP_ON_FAILURE)",Chrome 122.0.0.0,,,07-03-2024 16:08:00,07-03-2024 16:08:00,0.455s,PASSED
delay(7),Chrome 122.0.0.0,,,07-03-2024 16:08:00,07-03-2024 16:08:07,7.011s,PASSED
a1 = getUrl(),Chrome 122.0.0.0,,,07-03-2024 16:08:07,07-03-2024 16:08:07,0.000s,PASSED
"a = a1.contains(""page-2"")",Chrome 122.0.0.0,,,07-03-2024 16:08:07,07-03-2024 16:08:07,0.000s,PASSED
if (a == true),Chrome 122.0.0.0,,,07-03-2024 16:08:07,07-03-2024 16:08:07,0.016s,PASSED
"scrollToElement(findTestObject(""PLPPage/BackArrow_Pagenation_PLP""), 0)",Chrome 122.0.0.0,,,07-03-2024 16:08:07,07-03-2024 16:08:08,0.324s,PASSED
"click(findTestObject(""PLPPage/BackArrow_Pagenation_PLP""), STOP_ON_FAILURE)",Chrome 122.0.0.0,,,07-03-2024 16:08:08,07-03-2024 16:08:08,0.420s,PASSED
delay(7),Chrome 122.0.0.0,,,07-03-2024 16:08:08,07-03-2024 16:08:15,7.017s,PASSED
b1 = getUrl(),Chrome 122.0.0.0,,,07-03-2024 16:08:15,07-03-2024 16:08:15,0.000s,PASSED
"b = b1.contains(""page-1"")",Chrome 122.0.0.0,,,07-03-2024 16:08:15,07-03-2024 16:08:15,0.000s,PASSED
if (b == true),Chrome 122.0.0.0,,,07-03-2024 16:08:15,07-03-2024 16:08:15,0.000s,PASSED
"callTestCase(findTestCase(""CommonMethods/logout""), [:], OPTIONAL)",Chrome 122.0.0.0,,,07-03-2024 16:08:15,07-03-2024 16:08:26,11.391s,PASSED
Start listener action : sampleAfterTestCase,Chrome 122.0.0.0,,,07-03-2024 16:08:26,07-03-2024 16:08:49,22.801s,ERROR
,,,,,,,
Test Cases/ArangeByLogin/ShoppingCart/TS_SMOKE_SUITE_027,Chrome 122.0.0.0,To verify that the user is able to create account from shopping cart page,,07-03-2024 16:08:49,07-03-2024 16:10:40,1m - 50.466s,PASSED
navigateToUrl(URL),Chrome 122.0.0.0,,,07-03-2024 16:08:49,07-03-2024 16:08:59,10.221s,PASSED
"callTestCase(findTestCase(""CommonMethods/close any pop up""), [:], OPTIONAL)",Chrome 122.0.0.0,,,07-03-2024 16:08:59,07-03-2024 16:09:11,11.449s,PASSED
"callTestCase(findTestCase(""CommonMethods/logout""), [:], OPTIONAL)",Chrome 122.0.0.0,,,07-03-2024 16:09:11,07-03-2024 16:09:22,11.466s,PASSED
"callTestCase(findTestCase(""CommonMethods/SearchForAProduct_search""), [""searchTerm"":Single_SKU_PDP], STOP_ON_FAILURE)",Chrome 122.0.0.0,,,07-03-2024 16:09:22,07-03-2024 16:09:31,8.497s,PASSED
"click(findTestObject(""PDPPage/Size1_PDP""), OPTIONAL)",Chrome 122.0.0.0,,,07-03-2024 16:09:31,07-03-2024 16:09:49,17.920s,PASSED
"click(findTestObject(""OPCPage/close_popup_OPC""), OPTIONAL)",Chrome 122.0.0.0,,,07-03-2024 16:09:49,07-03-2024 16:09:49,0.456s,PASSED
"click(findTestObject(""PDPPage/AddToCart_pdp""))",Chrome 122.0.0.0,,,07-03-2024 16:09:49,07-03-2024 16:09:50,0.362s,PASSED
"click(findTestObject(""HomePage/Cart_header""))",Chrome 122.0.0.0,,,07-03-2024 16:09:50,07-03-2024 16:09:54,4.562s,PASSED
"click(findTestObject(""CartPage/Iniciar_Cart""))",Chrome 122.0.0.0,,,07-03-2024 16:09:54,07-03-2024 16:09:56,1.787s,PASSED
"verifyElementPresent(findTestObject(""HomePage/LoginPage_hp""), 0)",Chrome 122.0.0.0,,,07-03-2024 16:09:56,07-03-2024 16:10:03,6.901s,PASSED
"verifyElementPresent(findTestObject(""AccountManagement/CreateNewAccount_Login""), 0)",Chrome 122.0.0.0,,,07-03-2024 16:10:03,07-03-2024 16:10:03,0.308s,PASSED
Start listener action : sampleAfterTestCase,Chrome 122.0.0.0,,,07-03-2024 16:10:03,07-03-2024 16:10:40,36.421s,ERROR
,,,,,,,
Test Cases/ArangeByLogin/ShoppingCart/TS_SMOKE_SUITE_028,Chrome 122.0.0.0,To verify that user is able to login from Shopping Cart page,,07-03-2024 16:10:40,07-03-2024 16:12:03,1m - 23.525s,PASSED
"callTestCase(findTestCase(""CommonMethods/SearchForAProduct_search""), [""searchTerm"":Single_SKU_PDP], STOP_ON_FAILURE)",Chrome 122.0.0.0,,,07-03-2024 16:10:40,07-03-2024 16:10:47,7.772s,PASSED
waitForPageLoad(0),Chrome 122.0.0.0,,,07-03-2024 16:10:47,07-03-2024 16:10:47,0.012s,PASSED
"click(findTestObject(""PDPPage/AddToCart_pdp""))",Chrome 122.0.0.0,,,07-03-2024 16:10:47,07-03-2024 16:11:02,14.161s,PASSED
"click(findTestObject(""HomePage/Cart_header""))",Chrome 122.0.0.0,,,07-03-2024 16:11:02,07-03-2024 16:11:07,5.341s,PASSED
"click(findTestObject(""CartPage/BuyButton_Cart""))",Chrome 122.0.0.0,,,07-03-2024 16:11:07,07-03-2024 16:11:13,6.314s,PASSED
"callTestCase(findTestCase(""CommonMethods/login_odtaqab""), [:], OPTIONAL)",Chrome 122.0.0.0,,,07-03-2024 16:11:13,07-03-2024 16:11:25,11.460s,PASSED
"callTestCase(findTestCase(""CommonMethods/logout""), [:], OPTIONAL)",Chrome 122.0.0.0,,,07-03-2024 16:11:25,07-03-2024 16:11:36,11.404s,PASSED
Start listener action : sampleAfterTestCase,Chrome 122.0.0.0,,,07-03-2024 16:11:36,07-03-2024 16:12:03,26.982s,ERROR
,,,,,,,
Test Cases/ArangeByLogin/HomePage/TS_SMOKE_SUITE_006,Chrome 122.0.0.0,"To verify that the user is navigated to  “Mesa de Regalos"" page by clicking on the  “Mesa de Regalos"" link on the header section.",,07-03-2024 16:12:03,07-03-2024 16:13:17,1m - 13.461s,PASSED
"callTestCase(findTestCase(""CommonMethods/login_odtaqab""), [:], STOP_ON_FAILURE)",Chrome 122.0.0.0,,,07-03-2024 16:12:03,07-03-2024 16:12:15,11.782s,PASSED
"verifyElementClickable(findTestObject(""HomePage/Mesa de regalos_HP""))",Chrome 122.0.0.0,,,07-03-2024 16:12:15,07-03-2024 16:12:26,11.288s,PASSED
"click(findTestObject(""HomePage/Mesa de regalos_HP""))",Chrome 122.0.0.0,,,07-03-2024 16:12:26,07-03-2024 16:12:39,13.005s,PASSED
"verifyElementPresent(findTestObject(""HomePage/gr/Find_gift_table_GR""), 0)",Chrome 122.0.0.0,,,07-03-2024 16:12:39,07-03-2024 16:12:40,0.589s,PASSED
navigateToUrl(URL),Chrome 122.0.0.0,,,07-03-2024 16:12:40,07-03-2024 16:12:54,13.854s,PASSED
Start listener action : sampleAfterTestCase,Chrome 122.0.0.0,,,07-03-2024 16:12:54,07-03-2024 16:13:17,22.878s,ERROR
,,,,,,,
Test Cases/ArangeByLogin/HomePage/TS_SMOKE_SUITE_010,Chrome 122.0.0.0,"To verify that the logged in user is navigated to  “Mis pedidos"" page by clicking on the  “Mis pedidos"" link on the header section.",,07-03-2024 16:13:17,07-03-2024 16:14:13,56.003s,PASSED
navigateToUrl(URL),Chrome 122.0.0.0,,,07-03-2024 16:13:17,07-03-2024 16:13:31,14.260s,PASSED
"callTestCase(findTestCase(""CommonMethods/login_odtaqab""), [:], OPTIONAL)",Chrome 122.0.0.0,,,07-03-2024 16:13:31,07-03-2024 16:13:42,11.441s,PASSED
"click(findTestObject(""HomePage/Mis_comprar""))",Chrome 122.0.0.0,,,07-03-2024 16:13:42,07-03-2024 16:13:43,0.389s,PASSED
"verifyElementPresent(findTestObject(""MyOrdersPage/aside_leftNavigation_misCompras""), 0)",Chrome 122.0.0.0,,,07-03-2024 16:13:43,07-03-2024 16:13:50,7.025s,PASSED
"verifyElementPresent(findTestObject(""MyOrdersPage/breadCrumb_misCompras""), 0)",Chrome 122.0.0.0,,,07-03-2024 16:13:50,07-03-2024 16:13:50,0.331s,PASSED
Start listener action : sampleAfterTestCase,Chrome 122.0.0.0,,,07-03-2024 16:13:50,07-03-2024 16:14:13,22.462s,ERROR
,,,,,,,
Test Cases/ArangeByLogin/HomePage/TS_SMOKE_SUITE_011,Chrome 122.0.0.0,"To verify that the user is navigated to  ""Ayuda""( Help) page by clicking on the  “Ayuda"" link on the header section.",,07-03-2024 16:14:13,07-03-2024 16:15:00,47.844s,PASSED
"click(findTestObject(""HomePage/Ayuda_HP""))",Chrome 122.0.0.0,,,07-03-2024 16:14:13,07-03-2024 16:14:18,5.072s,PASSED
"verifyElementPresent(findTestObject(""HomePage/img_Cmo podemos ayudarte_logoAyuda""), 0)",Chrome 122.0.0.0,,,07-03-2024 16:14:18,07-03-2024 16:14:22,4.001s,PASSED
"verifyElementPresent(findTestObject(""HomePage/img_Cmo podemos ayudarte_logoAyuda_helpPage""), 0)",Chrome 122.0.0.0,,,07-03-2024 16:14:22,07-03-2024 16:14:22,0.280s,PASSED
navigateToUrl(URL),Chrome 122.0.0.0,,,07-03-2024 16:14:22,07-03-2024 16:14:37,15.387s,PASSED
Start listener action : sampleAfterTestCase,Chrome 122.0.0.0,,,07-03-2024 16:14:37,07-03-2024 16:15:00,23.040s,ERROR
,,,,,,,
Test Cases/ArangeByLogin/HomePage/TS_SMOKE_SUITE_012,Chrome 122.0.0.0,to verify that user is able to login by giving the valid credentials in the login overlay by clicking on the Inicar session link in the header,,07-03-2024 16:15:00,07-03-2024 16:15:24,23.513s,PASSED
"verifyElementPresent(findTestObject(""HomePage/span_HolaUser_hp""), 0)",Chrome 122.0.0.0,,,07-03-2024 16:15:01,07-03-2024 16:15:01,0.299s,PASSED
Start listener action : sampleAfterTestCase,Chrome 122.0.0.0,,,07-03-2024 16:15:01,07-03-2024 16:15:24,23.167s,ERROR
,,,,,,,
Test Cases/ArangeByLogin/HomePage/TS_SMOKE_SUITE_014,Chrome 122.0.0.0,"To verify the display of user first name (as ""Hola abc! "") in the header when logged in user successfully logged in to the site",,07-03-2024 16:15:24,07-03-2024 16:16:26,1m - 2.043s,FAILED
refresh(),Chrome 122.0.0.0,,,07-03-2024 16:15:24,07-03-2024 16:15:39,14.648s,PASSED
"click(findTestObject(""HomePage/MIsCompras_loginUser_HP""))",Chrome 122.0.0.0,,,07-03-2024 16:15:39,07-03-2024 16:15:40,0.920s,PASSED
"click(findTestObject(""AccountManagement/UpdatePeronalData_Account""))",Chrome 122.0.0.0,,,07-03-2024 16:15:40,07-03-2024 16:15:44,4.036s,PASSED
"verifyElementPresent(findTestObject(""AccountManagement/firstName_update_accountManagement""), 0)",Chrome 122.0.0.0,,,07-03-2024 16:15:44,07-03-2024 16:15:46,2.387s,PASSED
waitForPageLoad(0),Chrome 122.0.0.0,,,07-03-2024 16:15:46,07-03-2024 16:15:46,0.015s,PASSED
"Name = ""harish""",Chrome 122.0.0.0,,,07-03-2024 16:15:46,07-03-2024 16:15:46,0.000s,PASSED
"click(findTestObject(""AccountManagement/firstName_update_accountManagement""), STOP_ON_FAILURE)",Chrome 122.0.0.0,,,07-03-2024 16:15:46,07-03-2024 16:15:48,1.916s,PASSED
"sendKeys(findTestObject(""AccountManagement/firstName_update_accountManagement""), Keys.chord(CONTROL, ""a""))",Chrome 122.0.0.0,,,07-03-2024 16:15:48,07-03-2024 16:15:49,0.588s,PASSED
"sendKeys(findTestObject(""AccountManagement/firstName_update_accountManagement""), Keys.chord(CLEAR))",Chrome 122.0.0.0,,,07-03-2024 16:15:49,07-03-2024 16:15:49,0.319s,PASSED
"sendKeys(findTestObject(""AccountManagement/firstName_update_accountManagement""), Keys.chord(BACK_SPACE), STOP_ON_FAILURE)",Chrome 122.0.0.0,,,07-03-2024 16:15:49,07-03-2024 16:15:49,0.316s,PASSED
"clearText(findTestObject(""AccountManagement/firstName_update_accountManagement""), OPTIONAL)",Chrome 122.0.0.0,,,07-03-2024 16:15:49,07-03-2024 16:15:50,0.366s,PASSED
delay(10),Chrome 122.0.0.0,,,07-03-2024 16:15:50,07-03-2024 16:16:00,10.008s,PASSED
"setText(findTestObject(""AccountManagement/firstName_update_accountManagement""), """")",Chrome 122.0.0.0,,,07-03-2024 16:16:00,07-03-2024 16:16:00,0.723s,PASSED
"sendKeys(findTestObject(""AccountManagement/firstName_update_accountManagement""), Keys.chord(Name))",Chrome 122.0.0.0,,,07-03-2024 16:16:00,07-03-2024 16:16:01,0.362s,PASSED
out.println(Name),Chrome 122.0.0.0,,,07-03-2024 16:16:01,07-03-2024 16:16:01,0.000s,PASSED
"click(findTestObject(""AccountManagement/UpdateButton_Account""))",Chrome 122.0.0.0,,,07-03-2024 16:16:01,07-03-2024 16:16:01,0.394s,PASSED
waitForPageLoad(0),Chrome 122.0.0.0,,,07-03-2024 16:16:01,07-03-2024 16:16:01,0.015s,PASSED
"verifyElementText(findTestObject(""HomePage/header_Hola_text_HP""), ""Hola "" + Name)",Chrome 122.0.0.0,,,07-03-2024 16:16:01,07-03-2024 16:16:03,2.155s,FAILED
Start listener action : sampleAfterTestCase,Chrome 122.0.0.0,,,07-03-2024 16:16:03,07-03-2024 16:16:26,22.703s,ERROR
,,,,,,,
Test Cases/ArangeByLogin/HomePage/TS_SMOKE_SUITE_015,Chrome 122.0.0.0,"To verify the display of following links by mouse over on the ""User name""  link on the header section.
 -  Mi cuenta
-  Mis pedidos
-  Mi tiempo Aire
-  Mis tarjetas
-  Cerrar sesion",,07-03-2024 16:16:26,07-03-2024 16:17:13,47.181s,FAILED
"mouseOver(findTestObject(""HomePage/header_Hola_text_HP""), STOP_ON_FAILURE)",Chrome 122.0.0.0,,,07-03-2024 16:16:26,07-03-2024 16:16:27,0.456s,PASSED
"callTestCase(findTestCase(""CommonMethods/login_odtaqab""), [:], OPTIONAL)",Chrome 122.0.0.0,,,07-03-2024 16:16:27,07-03-2024 16:16:38,11.421s,PASSED
"verifyElementPresent(findTestObject(""HomePage/Mis_comprar""), 0)",Chrome 122.0.0.0,,,07-03-2024 16:16:38,07-03-2024 16:16:38,0.314s,PASSED
"verifyElementPresent(findTestObject(""HomePage/a_Mi Cuenta""), 0)",Chrome 122.0.0.0,,,07-03-2024 16:16:38,07-03-2024 16:16:39,0.300s,PASSED
"verifyElementPresent(findTestObject(""HomePage/a_Mi tiempo aire""), 0)",Chrome 122.0.0.0,,,07-03-2024 16:16:39,07-03-2024 16:16:39,0.314s,PASSED
"verifyElementPresent(findTestObject(""HomePage/a_Mis tarjetas""), 0)",Chrome 122.0.0.0,,,07-03-2024 16:16:39,07-03-2024 16:16:51,11.732s,FAILED
Start listener action : sampleAfterTestCase,Chrome 122.0.0.0,,,07-03-2024 16:16:51,07-03-2024 16:17:13,22.581s,ERROR
,,,,,,,
Test Cases/ArangeByLogin/ShoppingCart/TS_SMOKE_SUITE_029,Chrome 122.0.0.0,"To verify that the logged in user is navigated to  “One page Checkout"" by clicking on the  “Comprar"" button in the shopping cart page",,07-03-2024 16:17:13,07-03-2024 16:18:22,1m - 8.400s,PASSED
"callTestCase(findTestCase(""CommonMethods/SearchForAProduct_search""), [""searchTerm"":Single_SKU_PDP], STOP_ON_FAILURE)",Chrome 122.0.0.0,,,07-03-2024 16:17:13,07-03-2024 16:17:22,8.873s,PASSED
waitForPageLoad(0),Chrome 122.0.0.0,,,07-03-2024 16:17:22,07-03-2024 16:17:22,0.000s,PASSED
"click(findTestObject(""PDPPage/AddToCart_pdp""))",Chrome 122.0.0.0,,,07-03-2024 16:17:22,07-03-2024 16:17:39,16.708s,PASSED
"click(findTestObject(""PLPPage/ProtectYourPurchase_plp""), OPTIONAL)",Chrome 122.0.0.0,,,07-03-2024 16:17:39,07-03-2024 16:17:50,11.402s,PASSED
"click(findTestObject(""HomePage/Cart_header""))",Chrome 122.0.0.0,,,07-03-2024 16:17:50,07-03-2024 16:17:53,2.500s,PASSED
"click(findTestObject(""CartPage/BuyButton_Cart""))",Chrome 122.0.0.0,,,07-03-2024 16:17:53,07-03-2024 16:17:56,3.319s,PASSED
CheckoutURL = getUrl(),Chrome 122.0.0.0,,,07-03-2024 16:17:56,07-03-2024 16:17:56,0.022s,PASSED
if (CheckoutURL == CheckoutLink),Chrome 122.0.0.0,,,07-03-2024 16:17:56,07-03-2024 16:17:56,0.000s,PASSED
Start listener action : sampleAfterTestCase,Chrome 122.0.0.0,,,07-03-2024 16:17:56,07-03-2024 16:18:22,25.466s,ERROR
,,,,,,,
Test Cases/ArangeByLogin/ShoppingCart/TS_SMOKE_SUITE_030,Chrome 122.0.0.0,"To verify that the logged in user is navigated to  “One page Checkout"" by clicking on the  “Comprar Ahor"" button displayed for individual items in the shopping cart page",,07-03-2024 16:18:22,07-03-2024 16:20:10,1m - 48.099s,PASSED
navigateToUrl(URL),Chrome 122.0.0.0,,,07-03-2024 16:18:22,07-03-2024 16:18:37,14.938s,PASSED
waitForPageLoad(15),Chrome 122.0.0.0,,,07-03-2024 16:18:37,07-03-2024 16:18:37,0.047s,PASSED
"callTestCase(findTestCase(""CommonMethods/SearchForAProduct_search""), [""searchTerm"":Single_SKU_PDP], STOP_ON_FAILURE)",Chrome 122.0.0.0,,,07-03-2024 16:18:37,07-03-2024 16:19:04,26.860s,PASSED
"click(findTestObject(""PLPPage/product-1-DiscountPrice_PLP""), OPTIONAL)",Chrome 122.0.0.0,,,07-03-2024 16:19:04,07-03-2024 16:19:21,17.463s,PASSED
"click(findTestObject(""PDPPage/AddToCart_pdp""))",Chrome 122.0.0.0,,,07-03-2024 16:19:21,07-03-2024 16:19:24,2.521s,PASSED
"click(findTestObject(""PLPPage/ProtectYourPurchase_plp""), OPTIONAL)",Chrome 122.0.0.0,,,07-03-2024 16:19:24,07-03-2024 16:19:35,11.381s,PASSED
"click(findTestObject(""HomePage/Cart_header""))",Chrome 122.0.0.0,,,07-03-2024 16:19:35,07-03-2024 16:19:38,2.579s,PASSED
"click(findTestObject(""CartPage/BuyButton_Cart""))",Chrome 122.0.0.0,,,07-03-2024 16:19:38,07-03-2024 16:19:40,2.577s,PASSED
CheckoutURL = getUrl(),Chrome 122.0.0.0,,,07-03-2024 16:19:40,07-03-2024 16:19:40,0.032s,PASSED
if (CheckoutURL == CheckoutLink),Chrome 122.0.0.0,,,07-03-2024 16:19:40,07-03-2024 16:19:40,0.000s,PASSED
Start listener action : sampleAfterTestCase,Chrome 122.0.0.0,,,07-03-2024 16:19:40,07-03-2024 16:20:10,29.590s,ERROR
,,,,,,,
Test Cases/ArangeByLogin/Browse and Shop/TS_SMOKE_SUITE_058,Chrome 122.0.0.0,"To verify the display of Description slot in PDP with following tabs. 

Long Description
Manual
Delivery Details
Size/Dimensions
LP Card Promotion
Other Card Promotion",,07-03-2024 16:20:10,07-03-2024 16:21:14,1m - 4.153s,PASSED
navigateToUrl(URL),Chrome 122.0.0.0,,,07-03-2024 16:20:10,07-03-2024 16:20:25,14.864s,PASSED
"callTestCase(findTestCase(""CommonMethods/login_odtaqab""), [:], OPTIONAL)",Chrome 122.0.0.0,,,07-03-2024 16:20:25,07-03-2024 16:20:36,11.584s,PASSED
"callTestCase(findTestCase(""CommonMethods/SearchForAProduct_search""), [""searchTerm"":""1016537468""], STOP_ON_FAILURE)",Chrome 122.0.0.0,,,07-03-2024 16:20:36,07-03-2024 16:20:45,9.022s,PASSED
waitForPageLoad(5),Chrome 122.0.0.0,,,07-03-2024 16:20:45,07-03-2024 16:20:45,0.014s,PASSED
"verifyElementClickable(findTestObject(""PDPPage/mas detalis(more detail)""))",Chrome 122.0.0.0,,,07-03-2024 16:20:45,07-03-2024 16:20:59,13.264s,PASSED
"verifyElementClickable(findTestObject(""PDPPage/EDD_pdp""))",Chrome 122.0.0.0,,,07-03-2024 16:20:59,07-03-2024 16:21:01,2.463s,PASSED
"verifyElementClickable(findTestObject(""PDPPage/viewMorePromotion_pdp""))",Chrome 122.0.0.0,,,07-03-2024 16:21:01,07-03-2024 16:21:01,0.316s,PASSED
"verifyElementClickable(findTestObject(""PDPPage/Size1_PDP""))",Chrome 122.0.0.0,,,07-03-2024 16:21:01,07-03-2024 16:21:02,0.308s,PASSED
"verifyElementClickable(findTestObject(""PDPPage/liverpoolCard_promotion_1_PDP""))",Chrome 122.0.0.0,,,07-03-2024 16:21:02,07-03-2024 16:21:02,0.346s,PASSED
"verifyElementClickable(findTestObject(""PDPPage/Card_promotion_1_PDP""))",Chrome 122.0.0.0,,,07-03-2024 16:21:02,07-03-2024 16:21:02,0.318s,PASSED
Start listener action : sampleAfterTestCase,Chrome 122.0.0.0,,,07-03-2024 16:21:02,07-03-2024 16:21:14,11.557s,ERROR
,,,,,,,
Test Cases/ArangeByLogin/AccountManagement/TS_SMOKE_SUITE_016,Chrome 122.0.0.0,To Verify logged in user is able to view the profile inforamtion from Actualizar datos personales link in my account page after Updating personal information,,07-03-2024 16:21:14,07-03-2024 16:21:51,37.158s,PASSED
"click(findTestObject(""HomePage/MIsCompras_loginUser_HP""))",Chrome 122.0.0.0,,,07-03-2024 16:21:14,07-03-2024 16:21:14,0.374s,PASSED
"click(findTestObject(""AccountManagement/UpdatePeronalData_Account""))",Chrome 122.0.0.0,,,07-03-2024 16:21:14,07-03-2024 16:21:22,7.488s,PASSED
"verifyElementPresent(findTestObject(""AccountManagement/updatePage_Account""), 0)",Chrome 122.0.0.0,,,07-03-2024 16:21:22,07-03-2024 16:21:24,2.366s,PASSED
name = RandomStringUtils.randomAlphabetic(8),Chrome 122.0.0.0,,,07-03-2024 16:21:24,07-03-2024 16:21:24,0.009s,PASSED
"clearText(findTestObject(""AccountManagement/FirstNameProfile_Account""), STOP_ON_FAILURE)",Chrome 122.0.0.0,,,07-03-2024 16:21:24,07-03-2024 16:21:25,0.347s,PASSED
"sendKeys(findTestObject(""AccountManagement/FirstNameProfile_Account""), Keys.chord(CONTROL, ""a""))",Chrome 122.0.0.0,,,07-03-2024 16:21:25,07-03-2024 16:21:25,0.567s,PASSED
"sendKeys(findTestObject(""AccountManagement/FirstNameProfile_Account""), name)",Chrome 122.0.0.0,,,07-03-2024 16:21:25,07-03-2024 16:21:26,0.329s,PASSED
"lastname = getAttribute(findTestObject(""AccountManagement/LastName_Account""), ""value"")",Chrome 122.0.0.0,,,07-03-2024 16:21:26,07-03-2024 16:21:26,0.314s,PASSED
println(lastname),Chrome 122.0.0.0,,,07-03-2024 16:21:26,07-03-2024 16:21:26,0.000s,PASSED
"accountname = name + "" "" + lastname",Chrome 122.0.0.0,,,07-03-2024 16:21:26,07-03-2024 16:21:26,0.000s,PASSED
println(accountname),Chrome 122.0.0.0,,,07-03-2024 16:21:26,07-03-2024 16:21:26,0.000s,PASSED
"click(findTestObject(""AccountManagement/UpdateButton_Account""))",Chrome 122.0.0.0,,,07-03-2024 16:21:26,07-03-2024 16:21:26,0.362s,PASSED
"fnamelname = getText(findTestObject(""AccountManagement/PersonalDataName_Account""))",Chrome 122.0.0.0,,,07-03-2024 16:21:26,07-03-2024 16:21:29,2.386s,PASSED
println(fnamelname),Chrome 122.0.0.0,,,07-03-2024 16:21:29,07-03-2024 16:21:29,0.000s,PASSED
if (fnamelname == accountname),Chrome 122.0.0.0,,,07-03-2024 16:21:29,07-03-2024 16:21:29,0.000s,PASSED
Start listener action : sampleAfterTestCase,Chrome 122.0.0.0,,,07-03-2024 16:21:29,07-03-2024 16:21:51,22.501s,ERROR
,,,,,,,
Test Cases/ArangeByLogin/AccountManagement/TS_SMOKE_SUITE_017,Chrome 122.0.0.0,Verify the user able to add new Personal shipping address,,07-03-2024 16:21:51,07-03-2024 16:23:01,1m - 10.073s,PASSED
"a = getText(findTestObject(""HomePage/span_HolaUser_hp""), OPTIONAL)",Chrome 122.0.0.0,,,07-03-2024 16:21:51,07-03-2024 16:21:52,0.301s,PASSED
out.println(a),Chrome 122.0.0.0,,,07-03-2024 16:21:52,07-03-2024 16:21:52,0.000s,PASSED
if (a == true),Chrome 122.0.0.0,,,07-03-2024 16:21:52,07-03-2024 16:22:03,11.579s,PASSED
"click(findTestObject(""HomePage/MIsCompras_loginUser_HP""))",Chrome 122.0.0.0,,,07-03-2024 16:22:03,07-03-2024 16:22:03,0.358s,PASSED
"click(findTestObject(""AccountManagement/DeliveryAddress_Account""))",Chrome 122.0.0.0,,,07-03-2024 16:22:03,07-03-2024 16:22:13,9.285s,PASSED
"add = verifyElementPresent(findTestObject(""AccountManagement/QATESTING_address_AM""), 0, OPTIONAL)",Chrome 122.0.0.0,,,07-03-2024 16:22:13,07-03-2024 16:22:27,14.517s,PASSED
if (add == true),Chrome 122.0.0.0,,,07-03-2024 16:22:27,07-03-2024 16:22:27,0.000s,PASSED
"click(findTestObject(""AccountManagement/AddAdressPersonal_Account""), STOP_ON_FAILURE)",Chrome 122.0.0.0,,,07-03-2024 16:22:27,07-03-2024 16:22:28,0.380s,PASSED
"callTestCase(findTestCase(""CommonMethods/SaveAddress_AccountManagment""), [:], STOP_ON_FAILURE)",Chrome 122.0.0.0,,,07-03-2024 16:22:28,07-03-2024 16:22:45,17.707s,PASSED
"click(findTestObject(""AccountManagement/KeepButtonClickNCollection_Account""))",Chrome 122.0.0.0,,,07-03-2024 16:22:45,07-03-2024 16:22:46,0.582s,PASSED
"address = getText(findTestObject(""AccountManagement/NOTselected_personal_ShippingAddress1_AM""), STOP_ON_FAILURE)",Chrome 122.0.0.0,,,07-03-2024 16:22:46,07-03-2024 16:22:49,3.321s,PASSED
out.println(address),Chrome 122.0.0.0,,,07-03-2024 16:22:49,07-03-2024 16:22:49,0.000s,PASSED
out.println(TempAddress),Chrome 122.0.0.0,,,07-03-2024 16:22:49,07-03-2024 16:22:49,0.000s,PASSED
if (TempAddress == address),Chrome 122.0.0.0,,,07-03-2024 16:22:49,07-03-2024 16:22:49,0.000s,PASSED
Start listener action : sampleAfterTestCase,Chrome 122.0.0.0,,,07-03-2024 16:22:49,07-03-2024 16:23:01,11.927s,ERROR
,,,,,,,
Test Cases/ArangeByLogin/AccountManagement/TS_SMOKE_SUITE_018,Chrome 122.0.0.0,Verify the user able to add new Click & Collect address address,,07-03-2024 16:23:01,07-03-2024 16:24:12,1m - 10.314s,PASSED
"click(findTestObject(""HomePage/MIsCompras_loginUser_HP""))",Chrome 122.0.0.0,,,07-03-2024 16:23:01,07-03-2024 16:23:02,0.349s,PASSED
"click(findTestObject(""AccountManagement/DeliveryAddress_Account""))",Chrome 122.0.0.0,,,07-03-2024 16:23:02,07-03-2024 16:23:06,4.840s,PASSED
"enhancedClick(findTestObject(""AccountManagement/ClickAndCollectStores_accounts""))",Chrome 122.0.0.0,,,07-03-2024 16:23:06,07-03-2024 16:23:11,4.178s,PASSED
"click(findTestObject(""AccountManagement/AddClickNCollectionAddress_Account""))",Chrome 122.0.0.0,,,07-03-2024 16:23:11,07-03-2024 16:23:14,3.084s,PASSED
"click(findTestObject(""AccountManagement/SelectStateClickNCollection_Account""))",Chrome 122.0.0.0,,,07-03-2024 16:23:14,07-03-2024 16:23:24,9.904s,PASSED
"click(findTestObject(""AccountManagement/StateOptionClickNCollection_Account""))",Chrome 122.0.0.0,,,07-03-2024 16:23:24,07-03-2024 16:23:26,2.020s,PASSED
"click(findTestObject(""AccountManagement/SelectAddressRadioButton_Account""))",Chrome 122.0.0.0,,,07-03-2024 16:23:26,07-03-2024 16:23:29,2.972s,PASSED
"scrollToElement(findTestObject(""AccountManagement/KeepButtonClickNCollection_Account""), 0)",Chrome 122.0.0.0,,,07-03-2024 16:23:29,07-03-2024 16:23:31,1.944s,PASSED
"click(findTestObject(""AccountManagement/KeepButtonClickNCollection_Account""))",Chrome 122.0.0.0,,,07-03-2024 16:23:31,07-03-2024 16:23:33,2.145s,PASSED
"click(findTestObject(""AccountManagement/ClickAndCollectStores_accounts""))",Chrome 122.0.0.0,,,07-03-2024 16:23:33,07-03-2024 16:23:39,5.968s,PASSED
"verifyElementPresent(findTestObject(""AccountManagement/ClickNCollectionFirstAddress_Account""), 0)",Chrome 122.0.0.0,,,07-03-2024 16:23:39,07-03-2024 16:23:42,2.894s,PASSED
"verifyElementPresent(findTestObject(""AccountManagement/liverpoolSatellite_clickAndCollect_address""), 0)",Chrome 122.0.0.0,,,07-03-2024 16:23:42,07-03-2024 16:23:43,1.968s,PASSED
"click(findTestObject(""AccountManagement/liverpoolSatellite_clickAndCollect_address""))",Chrome 122.0.0.0,,,07-03-2024 16:23:43,07-03-2024 16:23:46,2.078s,PASSED
"click(findTestObject(""AccountManagement/liverpoolSatellite_clickAndCollect_eliminar_AM""))",Chrome 122.0.0.0,,,07-03-2024 16:23:46,07-03-2024 16:23:48,2.062s,PASSED
"click(findTestObject(""AccountManagement/acceptar_RemoveAdress_AM""))",Chrome 122.0.0.0,,,07-03-2024 16:23:48,07-03-2024 16:23:50,1.981s,PASSED
Start listener action : sampleAfterTestCase,Chrome 122.0.0.0,,,07-03-2024 16:23:50,07-03-2024 16:24:12,21.882s,ERROR
,,,,,,,
Test Cases/ArangeByLogin/AccountManagement/TS_SMOKE_SUITE_019,Chrome 122.0.0.0,Verify the last added Store address is displayed in the top section as a priority,,07-03-2024 16:24:12,07-03-2024 16:25:48,1m - 36.272s,FAILED
"a = getText(findTestObject(""HomePage/span_HolaUser_hp""), OPTIONAL)",Chrome 122.0.0.0,,,07-03-2024 16:24:12,07-03-2024 16:24:12,0.363s,PASSED
out.println(a),Chrome 122.0.0.0,,,07-03-2024 16:24:12,07-03-2024 16:24:12,0.000s,PASSED
if (a == false),Chrome 122.0.0.0,,,07-03-2024 16:24:12,07-03-2024 16:24:12,0.000s,PASSED
"click(findTestObject(""HomePage/MIsCompras_loginUser_HP""))",Chrome 122.0.0.0,,,07-03-2024 16:24:12,07-03-2024 16:24:12,0.349s,PASSED
"click(findTestObject(""AccountManagement/DeliveryAddress_Account""))",Chrome 122.0.0.0,,,07-03-2024 16:24:12,07-03-2024 16:24:21,8.924s,PASSED
"add = verifyElementPresent(findTestObject(""AccountManagement/TestQA_Add_AM""), 0, OPTIONAL)",Chrome 122.0.0.0,,,07-03-2024 16:24:21,07-03-2024 16:24:32,10.641s,PASSED
if (add == true),Chrome 122.0.0.0,,,07-03-2024 16:24:32,07-03-2024 16:24:33,1.462s,PASSED
"click(findTestObject(""AccountManagement/AddAdressPersonal_Account""), STOP_ON_FAILURE)",Chrome 122.0.0.0,,,07-03-2024 16:24:33,07-03-2024 16:25:03,30.156s,PASSED
"callTestCase(findTestCase(""CommonMethods/SaveAddress_AccountManagment""), [:], STOP_ON_FAILURE)",Chrome 122.0.0.0,,,07-03-2024 16:25:03,07-03-2024 16:25:24,20.019s,FAILED
Start listener action : sampleAfterTestCase,Chrome 122.0.0.0,,,07-03-2024 16:25:24,07-03-2024 16:25:48,24.279s,ERROR
,,,,,,,
Test Cases/ArangeByLogin/AccountManagement/TS_SMOKE_SUITE_023,Chrome 122.0.0.0,"To Verify Logged in user is able to Add ,Edit and remove  credit card from my account from my account",,07-03-2024 16:25:48,07-03-2024 16:27:50,2m - 1.827s,FAILED
"click(findTestObject(""HomePage/MIsCompras_loginUser_HP""))",Chrome 122.0.0.0,,,07-03-2024 16:25:48,07-03-2024 16:25:48,0.330s,PASSED
"click(findTestObject(""AccountManagement/Mi Cartera_HP""))",Chrome 122.0.0.0,,,07-03-2024 16:25:48,07-03-2024 16:26:19,30.276s,FAILED
Start listener action : sampleAfterTestCase,Chrome 122.0.0.0,,,07-03-2024 16:26:19,07-03-2024 16:27:50,1m - 31.040s,ERROR
,,,,,,,
Test Cases/ArangeByLogin/AccountManagement/TS_SMOKE_SUITE_021,Chrome 122.0.0.0,Verify the user is able to navigate to forma de pago page and view the payment menthods,,07-03-2024 16:27:50,07-03-2024 16:28:42,52.604s,PASSED
"a = getText(findTestObject(""HomePage/span_HolaUser_hp""), OPTIONAL)",Chrome 122.0.0.0,,,07-03-2024 16:27:50,07-03-2024 16:27:51,1.278s,PASSED
out.println(a),Chrome 122.0.0.0,,,07-03-2024 16:27:51,07-03-2024 16:27:51,0.000s,PASSED
if (a == false),Chrome 122.0.0.0,,,07-03-2024 16:27:51,07-03-2024 16:27:51,0.000s,PASSED
"mouseOver(findTestObject(""HomePage/AfterLogin_Homepage""))",Chrome 122.0.0.0,,,07-03-2024 16:27:51,07-03-2024 16:27:51,0.467s,PASSED
"click(findTestObject(""AccountManagement/MyAccountButton_Account""))",Chrome 122.0.0.0,,,07-03-2024 16:27:51,07-03-2024 16:27:52,0.519s,PASSED
"click(findTestObject(""AccountManagement/MyPaymentMethod_Account""))",Chrome 122.0.0.0,,,07-03-2024 16:27:52,07-03-2024 16:27:56,3.864s,PASSED
"verifyElementPresent(findTestObject(""AccountManagement/PaymentMethodsSection_Account""), 0)",Chrome 122.0.0.0,,,07-03-2024 16:27:56,07-03-2024 16:28:21,25.623s,PASSED
Start listener action : sampleAfterTestCase,Chrome 122.0.0.0,,,07-03-2024 16:28:21,07-03-2024 16:28:42,20.781s,ERROR
,,,,,,,
Test Cases/ArangeByLogin/AccountManagement/TS_SMOKE_SUITE_022,Chrome 122.0.0.0,Verify the user able to update the payment methods as default in forma de pago page,,07-03-2024 16:28:42,07-03-2024 16:30:31,1m - 48.979s,PASSED
"openBrowser("""")",Chrome 122.0.0.0,,,07-03-2024 16:28:42,07-03-2024 16:28:44,1.673s,PASSED
navigateToUrl(URL),Chrome 122.0.0.0,,,07-03-2024 16:28:44,07-03-2024 16:29:21,37.436s,PASSED
"callTestCase(findTestCase(""CommonMethods/login_odtaqab""), [:], OPTIONAL)",Chrome 122.0.0.0,,,07-03-2024 16:29:21,07-03-2024 16:29:46,24.785s,PASSED
"click(findTestObject(""HomePage/MIsCompras_loginUser_HP""))",Chrome 122.0.0.0,,,07-03-2024 16:29:46,07-03-2024 16:30:04,18.068s,PASSED
"click(findTestObject(""AccountManagement/MyPaymentMethod_Account""))",Chrome 122.0.0.0,,,07-03-2024 16:30:04,07-03-2024 16:30:10,6.053s,PASSED
"click(findTestObject(""AccountManagement/MyCardButton_Account""))",Chrome 122.0.0.0,,,07-03-2024 16:30:10,07-03-2024 16:30:12,1.350s,PASSED
"enhancedClick(findTestObject(""AccountManagement/Select3DotAddress2Nd_Account""))",Chrome 122.0.0.0,,,07-03-2024 16:30:12,07-03-2024 16:30:17,5.338s,PASSED
"enhancedClick(findTestObject(""AccountManagement/MakeCardAsDefault_Account""))",Chrome 122.0.0.0,,,07-03-2024 16:30:17,07-03-2024 16:30:17,0.372s,PASSED
"verifyElementPresent(findTestObject(""AccountManagement/DefaultCard_Account""), 0)",Chrome 122.0.0.0,,,07-03-2024 16:30:17,07-03-2024 16:30:20,2.385s,PASSED
Start listener action : sampleAfterTestCase,Chrome 122.0.0.0,,,07-03-2024 16:30:20,07-03-2024 16:30:31,11.438s,ERROR
,,,,,,,
Test Cases/ArangeByLogin/AccountManagement/TS_SMOKE_SUITE_020,Chrome 122.0.0.0,Verify if the user able to make C&C store address as default address,,07-03-2024 16:30:31,07-03-2024 16:31:19,47.289s,PASSED
refresh(),Chrome 122.0.0.0,,,07-03-2024 16:30:31,07-03-2024 16:30:49,17.748s,PASSED
"click(findTestObject(""HomePage/MIsCompras_loginUser_HP""))",Chrome 122.0.0.0,,,07-03-2024 16:30:49,07-03-2024 16:30:50,0.549s,PASSED
"click(findTestObject(""AccountManagement/DeliveryAddress_Account""))",Chrome 122.0.0.0,,,07-03-2024 16:30:50,07-03-2024 16:30:56,6.226s,PASSED
"click(findTestObject(""AccountManagement/ClickAndCollectStores_accounts""))",Chrome 122.0.0.0,,,07-03-2024 16:30:56,07-03-2024 16:31:02,5.732s,PASSED
"click(findTestObject(""AccountManagement/ClickNCollection1stAddress_Account""))",Chrome 122.0.0.0,,,07-03-2024 16:31:02,07-03-2024 16:31:03,1.911s,PASSED
"click(findTestObject(""AccountManagement/SetDefaultAddressClickNCollection""))",Chrome 122.0.0.0,,,07-03-2024 16:31:03,07-03-2024 16:31:04,0.367s,PASSED
"verifyElementPresent(findTestObject(""AccountManagement/VerifyDefaultPresent_Account""), 0)",Chrome 122.0.0.0,,,07-03-2024 16:31:04,07-03-2024 16:31:07,2.997s,PASSED
Start listener action : sampleAfterTestCase,Chrome 122.0.0.0,,,07-03-2024 16:31:07,07-03-2024 16:31:19,11.705s,ERROR
,,,,,,,
Test Cases/ArangeByLogin/AccountManagement/TS_SMOKE_SUITE_024,Chrome 122.0.0.0,"To Verify Logged in user is able to add, Edit and Remove the delivery address from my account",,07-03-2024 16:31:19,07-03-2024 16:32:41,1m - 22.409s,PASSED
"click(findTestObject(""HomePage/MIsCompras_loginUser_HP""))",Chrome 122.0.0.0,,,07-03-2024 16:31:19,07-03-2024 16:31:19,0.394s,PASSED
"click(findTestObject(""AccountManagement/DeliveryAddress_Account""))",Chrome 122.0.0.0,,,07-03-2024 16:31:19,07-03-2024 16:31:28,8.509s,PASSED
"add = verifyElementPresent(findTestObject(""AccountManagement/QATESTING_address_AM""), 0, OPTIONAL)",Chrome 122.0.0.0,,,07-03-2024 16:31:28,07-03-2024 16:31:40,12.099s,PASSED
if (add == true),Chrome 122.0.0.0,,,07-03-2024 16:31:40,07-03-2024 16:31:40,0.001s,PASSED
"click(findTestObject(""AccountManagement/AddAdressPersonal_Account""), STOP_ON_FAILURE)",Chrome 122.0.0.0,,,07-03-2024 16:31:40,07-03-2024 16:31:40,0.482s,PASSED
"callTestCase(findTestCase(""CommonMethods/SaveAddress_AccountManagment""), [:], STOP_ON_FAILURE)",Chrome 122.0.0.0,,,07-03-2024 16:31:40,07-03-2024 16:31:59,18.405s,PASSED
delay(10),Chrome 122.0.0.0,,,07-03-2024 16:31:59,07-03-2024 16:32:09,10.014s,PASSED
"click(findTestObject(""AccountManagement/KeepButtonClickNCollection_Account""))",Chrome 122.0.0.0,,,07-03-2024 16:32:09,07-03-2024 16:32:09,0.351s,PASSED
"Address1 = getText(findTestObject(""AccountManagement/TestQA_Add_AM""))",Chrome 122.0.0.0,,,07-03-2024 16:32:09,07-03-2024 16:32:13,3.557s,PASSED
if (TempAddress == Address1),Chrome 122.0.0.0,,,07-03-2024 16:32:13,07-03-2024 16:32:13,0.002s,PASSED
"click(findTestObject(""AccountManagement/Select3Dot_TestQA_Add_AM""))",Chrome 122.0.0.0,,,07-03-2024 16:32:13,07-03-2024 16:32:13,0.374s,PASSED
"click(findTestObject(""AccountManagement/TestQA_Add_Editar_AM""), STOP_ON_FAILURE)",Chrome 122.0.0.0,,,07-03-2024 16:32:13,07-03-2024 16:32:13,0.394s,PASSED
"name = ""QATESTING""",Chrome 122.0.0.0,,,07-03-2024 16:32:13,07-03-2024 16:32:13,0.000s,PASSED
TempAddress = name,Chrome 122.0.0.0,,,07-03-2024 16:32:13,07-03-2024 16:32:13,0.001s,PASSED
"clearText(findTestObject(""AccountManagement/ShortName_Account""), STOP_ON_FAILURE)",Chrome 122.0.0.0,,,07-03-2024 16:32:13,07-03-2024 16:32:17,4.124s,PASSED
"sendKeys(findTestObject(""AccountManagement/ShortName_Account""), Keys.chord(CONTROL, ""a""))",Chrome 122.0.0.0,,,07-03-2024 16:32:17,07-03-2024 16:32:18,0.564s,PASSED
"sendKeys(findTestObject(""AccountManagement/ShortName_Account""), name)",Chrome 122.0.0.0,,,07-03-2024 16:32:18,07-03-2024 16:32:19,0.598s,PASSED
"click(findTestObject(""AccountManagement/AcceptButton_AccountM""))",Chrome 122.0.0.0,,,07-03-2024 16:32:19,07-03-2024 16:32:19,0.405s,PASSED
"Address1 = getText(findTestObject(""AccountManagement/QATESTING_address_AM""))",Chrome 122.0.0.0,,,07-03-2024 16:32:19,07-03-2024 16:32:22,2.578s,PASSED
if (TempAddress == Address1),Chrome 122.0.0.0,,,07-03-2024 16:32:22,07-03-2024 16:32:22,0.001s,PASSED
"click(findTestObject(""AccountManagement/Select3dotQATESTING_Add_AM""))",Chrome 122.0.0.0,,,07-03-2024 16:32:22,07-03-2024 16:32:22,0.373s,PASSED
"click(findTestObject(""AccountManagement/QAtesting_Address_Remove_AM""), STOP_ON_FAILURE)",Chrome 122.0.0.0,,,07-03-2024 16:32:22,07-03-2024 16:32:22,0.387s,PASSED
println(TempAddress),Chrome 122.0.0.0,,,07-03-2024 16:32:22,07-03-2024 16:32:22,0.000s,PASSED
"verifyTextPresent(TempAddress, false)",Chrome 122.0.0.0,,,07-03-2024 16:32:22,07-03-2024 16:32:23,1.125s,PASSED
"click(findTestObject(""WishListPage/Acceptor_Eliminar_wishlist_WP""))",Chrome 122.0.0.0,,,07-03-2024 16:32:23,07-03-2024 16:32:24,0.395s,PASSED
Start listener action : sampleAfterTestCase,Chrome 122.0.0.0,,,07-03-2024 16:32:24,07-03-2024 16:32:41,17.061s,ERROR
,,,,,,,
Test Cases/ArangeByLogin/AccountManagement/TS_SMOKE_SUITE_025,Chrome 122.0.0.0,To Verify Logged in user is able to change the password,,07-03-2024 16:32:41,07-03-2024 16:33:26,44.823s,PASSED
"click(findTestObject(""HomePage/MIsCompras_loginUser_HP""))",Chrome 122.0.0.0,,,07-03-2024 16:32:41,07-03-2024 16:32:41,0.376s,PASSED
"click(findTestObject(""AccountManagement/ChangePassword_Account""))",Chrome 122.0.0.0,,,07-03-2024 16:32:41,07-03-2024 16:32:48,7.091s,PASSED
"click(findTestObject(""AccountManagement/ContinueButton_Account""))",Chrome 122.0.0.0,,,07-03-2024 16:32:48,07-03-2024 16:32:51,2.552s,PASSED
"verifyElementPresent(findTestObject(""AccountManagement/MailConfirmation_Account""), 0)",Chrome 122.0.0.0,,,07-03-2024 16:32:51,07-03-2024 16:33:03,11.746s,PASSED
Start listener action : sampleAfterTestCase,Chrome 122.0.0.0,,,07-03-2024 16:33:03,07-03-2024 16:33:26,23.009s,ERROR
,,,,,,,
Test Cases/ArangeByLogin/Checkout/TS_SMOKE_SUITE_075,Chrome 122.0.0.0,To Verify the user able to make the C&C collect address as default in OPC,,07-03-2024 16:33:26,07-03-2024 16:35:27,2m - 1.370s,PASSED
"callTestCase(findTestCase(""CommonMethods/login_odtaqab""), [:], OPTIONAL)",Chrome 122.0.0.0,,,07-03-2024 16:33:26,07-03-2024 16:33:38,11.608s,PASSED
"click(findTestObject(""HomePage/MIsCompras_loginUser_HP""))",Chrome 122.0.0.0,,,07-03-2024 16:33:38,07-03-2024 16:33:38,0.342s,PASSED
"click(findTestObject(""AccountManagement/DeliveryAddress_Account""))",Chrome 122.0.0.0,,,07-03-2024 16:33:38,07-03-2024 16:33:44,6.509s,PASSED
"click(findTestObject(""AccountManagement/ClickAndCollectStores_accounts""))",Chrome 122.0.0.0,,,07-03-2024 16:33:44,07-03-2024 16:33:48,4.023s,PASSED
"click(findTestObject(""OPCPage/3DotButton_Checkout""))",Chrome 122.0.0.0,,,07-03-2024 16:33:48,07-03-2024 16:33:50,1.740s,PASSED
"click(findTestObject(""AccountManagement/ClickNCollectionDefault_Account""))",Chrome 122.0.0.0,,,07-03-2024 16:33:50,07-03-2024 16:33:50,0.340s,PASSED
"TitleAddress = getText(findTestObject(""AccountManagement/ClickNCollectionAddressTitle_Account""))",Chrome 122.0.0.0,,,07-03-2024 16:33:50,07-03-2024 16:33:52,1.977s,PASSED
"click(findTestObject(""HomePage/Logo_hp""))",Chrome 122.0.0.0,,,07-03-2024 16:33:52,07-03-2024 16:33:53,0.351s,PASSED
"callTestCase(findTestCase(""CommonMethods/SearchForAProduct_search""), [""searchTerm"":Single_SKU_PDP], STOP_ON_FAILURE)",Chrome 122.0.0.0,,,07-03-2024 16:33:53,07-03-2024 16:34:10,17.335s,PASSED
"click(findTestObject(""PLPPage/product-1-DiscountPrice_PLP""), OPTIONAL)",Chrome 122.0.0.0,,,07-03-2024 16:34:10,07-03-2024 16:34:31,21.294s,PASSED
"click(findTestObject(""PDPPage/AddToCart_PDP""))",Chrome 122.0.0.0,,,07-03-2024 16:34:31,07-03-2024 16:34:33,1.070s,PASSED
"click(findTestObject(""HomePage/bag_header_HP""))",Chrome 122.0.0.0,,,07-03-2024 16:34:33,07-03-2024 16:34:36,3.003s,PASSED
"click(findTestObject(""CartPage/BuyButton_Cart""))",Chrome 122.0.0.0,,,07-03-2024 16:34:36,07-03-2024 16:34:40,4.564s,PASSED
"DefaultAddress = getText(findTestObject(""OPCPage/DefaultAddress_Checkout""))",Chrome 122.0.0.0,,,07-03-2024 16:34:40,07-03-2024 16:34:49,8.494s,PASSED
if (TitleAddress == DefaultAddress),Chrome 122.0.0.0,,,07-03-2024 16:34:49,07-03-2024 16:34:49,0.000s,PASSED
"click(findTestObject(""OPCPage/ChangeAddress_Checkout""))",Chrome 122.0.0.0,,,07-03-2024 16:34:49,07-03-2024 16:34:49,0.345s,PASSED
"click(findTestObject(""OPCPage/AddressPopupCLickNCollect_Checkout""), STOP_ON_FAILURE)",Chrome 122.0.0.0,,,07-03-2024 16:34:49,07-03-2024 16:34:51,1.681s,PASSED
"verifyElementPresent(findTestObject(""OPCPage/CheckAddressDefault_Checkout""), 0)",Chrome 122.0.0.0,,,07-03-2024 16:34:51,07-03-2024 16:34:51,0.540s,PASSED
"verifyElementPresent(findTestObject(""OPCPage/ClickNCollectionRadioButton_Checkout""), 0)",Chrome 122.0.0.0,,,07-03-2024 16:34:51,07-03-2024 16:34:51,0.292s,PASSED
"click(findTestObject(""OPCPage/Address_PopUP_option1_opc""))",Chrome 122.0.0.0,,,07-03-2024 16:34:51,07-03-2024 16:34:52,0.487s,PASSED
"click(findTestObject(""OPCPage/radiobtn1_addressPopup_OPC""))",Chrome 122.0.0.0,,,07-03-2024 16:34:52,07-03-2024 16:34:52,0.502s,PASSED
"click(findTestObject(""OPCPage/ContinueButtonAddAddress_Checkout""))",Chrome 122.0.0.0,,,07-03-2024 16:34:52,07-03-2024 16:34:53,0.599s,PASSED
Start listener action : sampleAfterTestCase,Chrome 122.0.0.0,,,07-03-2024 16:34:53,07-03-2024 16:35:27,34.126s,ERROR
,,,,,,,
Test Cases/ArangeByLogin/Checkout/TS_SMOKE_SUITE_072,Chrome 122.0.0.0,To verify the functionality of adding a new Personal shipping address in OPC flow for logged in user,,07-03-2024 16:35:27,07-03-2024 16:38:41,3m - 14.003s,FAILED
"callTestCase(findTestCase(""CommonMethods/login_odtaqab""), [:], OPTIONAL)",Chrome 122.0.0.0,,,07-03-2024 16:35:27,07-03-2024 16:35:39,11.339s,PASSED
"callTestCase(findTestCase(""CommonMethods/EmptyCart_RunAt_HP""), [:], OPTIONAL)",Chrome 122.0.0.0,,,07-03-2024 16:35:39,07-03-2024 16:36:00,21.531s,PASSED
"callTestCase(findTestCase(""CommonMethods/SearchForAProduct_search""), [""searchTerm"":Single_SKU_PDP], STOP_ON_FAILURE)",Chrome 122.0.0.0,,,07-03-2024 16:36:00,07-03-2024 16:36:10,9.537s,PASSED
"click(findTestObject(""PDPPage/AddToCart_pdp""))",Chrome 122.0.0.0,,,07-03-2024 16:36:10,07-03-2024 16:36:42,32.337s,PASSED
"click(findTestObject(""HomePage/Cart_header""))",Chrome 122.0.0.0,,,07-03-2024 16:36:42,07-03-2024 16:36:48,5.823s,PASSED
"click(findTestObject(""CartPage/BuyButton_Cart""))",Chrome 122.0.0.0,,,07-03-2024 16:36:48,07-03-2024 16:37:00,11.640s,PASSED
"click(findTestObject(""OPCPage/ChangeAddress_Checkout""))",Chrome 122.0.0.0,,,07-03-2024 16:37:00,07-03-2024 16:37:15,15.178s,PASSED
"click(findTestObject(""OPCPage/AddAddressButtonPopup_checkout""))",Chrome 122.0.0.0,,,07-03-2024 16:37:15,07-03-2024 16:37:45,30.183s,FAILED
Start listener action : sampleAfterTestCase,Chrome 122.0.0.0,,,07-03-2024 16:37:45,07-03-2024 16:38:41,56.215s,ERROR
,,,,,,,
Test Cases/ArangeByLogin/Checkout/TS_SMOKE_SUITE_073,Chrome 122.0.0.0,To verify the functionality of editing the Personal shipping address  in checkout flow for logged in user,,07-03-2024 16:38:41,07-03-2024 16:40:48,2m - 6.772s,FAILED
"callTestCase(findTestCase(""CommonMethods/login_odtaqab""), [:], OPTIONAL)",Chrome 122.0.0.0,,,07-03-2024 16:38:41,07-03-2024 16:38:53,11.520s,PASSED
waitForPageLoad(0),Chrome 122.0.0.0,,,07-03-2024 16:38:53,07-03-2024 16:38:53,0.013s,PASSED
"click(findTestObject(""HomePage/Logo_hp""))",Chrome 122.0.0.0,,,07-03-2024 16:38:53,07-03-2024 16:38:53,0.354s,PASSED
"callTestCase(findTestCase(""CommonMethods/SearchForAProduct_search""), [""searchTerm"":Single_SKU_PDP], STOP_ON_FAILURE)",Chrome 122.0.0.0,,,07-03-2024 16:38:53,07-03-2024 16:39:18,25.138s,PASSED
"click(findTestObject(""PDPPage/AddToCart_PDP""))",Chrome 122.0.0.0,,,07-03-2024 16:39:18,07-03-2024 16:39:51,32.261s,PASSED
"click(findTestObject(""HomePage/bag_header_HP""))",Chrome 122.0.0.0,,,07-03-2024 16:39:51,07-03-2024 16:39:55,4.705s,PASSED
"click(findTestObject(""CartPage/BuyButton_Cart""))",Chrome 122.0.0.0,,,07-03-2024 16:39:55,07-03-2024 16:39:59,3.482s,PASSED
"click(findTestObject(""OPCPage/ChangeAddress_Checkout""))",Chrome 122.0.0.0,,,07-03-2024 16:39:59,07-03-2024 16:40:10,11.249s,FAILED
Start listener action : sampleAfterTestCase,Chrome 122.0.0.0,,,07-03-2024 16:40:10,07-03-2024 16:40:48,37.936s,ERROR
,,,,,,,
Test Cases/ArangeByLogin/Checkout/TS_SMOKE_SUITE_076,Chrome 122.0.0.0,To verify the display of payment page for the for logged in user,,07-03-2024 16:40:48,07-03-2024 16:41:52,1m - 4.190s,PASSED
"callTestCase(findTestCase(""CommonMethods/SearchForAProduct_search""), [""searchTerm"":Single_SKU_PDP], STOP_ON_FAILURE)",Chrome 122.0.0.0,,,07-03-2024 16:40:48,07-03-2024 16:40:58,9.868s,PASSED
"click(findTestObject(""PDPPage/AddToCart_PDP""))",Chrome 122.0.0.0,,,07-03-2024 16:40:58,07-03-2024 16:41:14,15.720s,PASSED
"click(findTestObject(""HomePage/bag_header_HP""))",Chrome 122.0.0.0,,,07-03-2024 16:41:14,07-03-2024 16:41:18,3.993s,PASSED
"click(findTestObject(""CartPage/BuyButton_Cart""))",Chrome 122.0.0.0,,,07-03-2024 16:41:18,07-03-2024 16:41:20,2.417s,PASSED
"callTestCase(findTestCase(""CommonMethods/assert_OPC(CheckoutPage)""), [:], STOP_ON_FAILURE)",Chrome 122.0.0.0,,,07-03-2024 16:41:20,07-03-2024 16:41:27,6.600s,PASSED
Start listener action : sampleAfterTestCase,Chrome 122.0.0.0,,,07-03-2024 16:41:27,07-03-2024 16:41:52,25.473s,ERROR
,,,,,,,
Test Cases/ArangeByLogin/Checkout/TS_SMOKE_SUITE_077,Chrome 122.0.0.0,To verify the functionality of new  adding card  in checkout flow for logged in user,,07-03-2024 16:41:52,07-03-2024 16:43:23,1m - 31.238s,PASSED
"callTestCase(findTestCase(""CommonMethods/SearchForAProduct_search""), [""searchTerm"":Single_SKU_PDP], STOP_ON_FAILURE)",Chrome 122.0.0.0,,,07-03-2024 16:41:52,07-03-2024 16:42:01,8.395s,PASSED
delay(7),Chrome 122.0.0.0,,,07-03-2024 16:42:01,07-03-2024 16:42:08,7.013s,PASSED
"click(findTestObject(""PDPPage/AddToCart_PDP""))",Chrome 122.0.0.0,,,07-03-2024 16:42:08,07-03-2024 16:42:15,7.626s,PASSED
"click(findTestObject(""HomePage/bag_header_HP""))",Chrome 122.0.0.0,,,07-03-2024 16:42:15,07-03-2024 16:42:20,4.557s,PASSED
"click(findTestObject(""CartPage/BuyButton_Cart""))",Chrome 122.0.0.0,,,07-03-2024 16:42:20,07-03-2024 16:42:23,3.452s,PASSED
"callTestCase(findTestCase(""CommonMethods/create_new_CARD_OPC""), [:], STOP_ON_FAILURE)",Chrome 122.0.0.0,,,07-03-2024 16:42:23,07-03-2024 16:42:57,33.518s,PASSED
Start listener action : sampleAfterTestCase,Chrome 122.0.0.0,,,07-03-2024 16:42:57,07-03-2024 16:43:23,26.587s,ERROR
,,,,,,,
Test Cases/ArangeByLogin/Checkout/TS_SMOKE_SUITE_078,Chrome 122.0.0.0,To verify the display of Order confirmation page for logged in user,,07-03-2024 16:43:23,07-03-2024 16:45:15,1m - 51.614s,PASSED
"callTestCase(findTestCase(""CommonMethods/SearchForAProduct_search""), [""searchTerm"":""collec""], STOP_ON_FAILURE)",Chrome 122.0.0.0,,,07-03-2024 16:43:23,07-03-2024 16:43:33,9.817s,PASSED
"click(findTestObject(""PLPPage/product1_cardPrice_PLP""))",Chrome 122.0.0.0,,,07-03-2024 16:43:33,07-03-2024 16:43:40,6.783s,PASSED
"click(findTestObject(""PDPPage/AddToCart_PDP""))",Chrome 122.0.0.0,,,07-03-2024 16:43:40,07-03-2024 16:44:07,27.099s,PASSED
"click(findTestObject(""HomePage/bag_header_HP""))",Chrome 122.0.0.0,,,07-03-2024 16:44:07,07-03-2024 16:44:12,5.129s,PASSED
"click(findTestObject(""CartPage/BuyButton_Cart""))",Chrome 122.0.0.0,,,07-03-2024 16:44:12,07-03-2024 16:44:15,2.490s,PASSED
"click(findTestObject(""OPCPage/paymentMethod_change_OPC""))",Chrome 122.0.0.0,,,07-03-2024 16:44:15,07-03-2024 16:44:23,8.700s,PASSED
"click(findTestObject(""OPCPage/paymentMethod_button3_OPC""))",Chrome 122.0.0.0,,,07-03-2024 16:44:23,07-03-2024 16:44:25,1.518s,PASSED
"click(findTestObject(""OPCPage/Continue_payment_3rdmethod_OPC""))",Chrome 122.0.0.0,,,07-03-2024 16:44:25,07-03-2024 16:44:26,1.490s,PASSED
delay(5),Chrome 122.0.0.0,,,07-03-2024 16:44:26,07-03-2024 16:44:32,5.013s,PASSED
"click(findTestObject(""OPCPage/Final_comparar_OPC""))",Chrome 122.0.0.0,,,07-03-2024 16:44:32,07-03-2024 16:44:34,2.728s,PASSED
"click(findTestObject(""HomePage/logo_confirmPage""))",Chrome 122.0.0.0,,,07-03-2024 16:44:34,07-03-2024 16:44:44,9.670s,PASSED
Start listener action : sampleAfterTestCase,Chrome 122.0.0.0,,,07-03-2024 16:44:44,07-03-2024 16:45:15,31.108s,ERROR
,,,,,,,
Test Cases/ArangeByLogin/Checkout/TS_SMOKE_SUITE_080,Chrome 122.0.0.0,To verify that the display of the applied Coupon details in the order success page,,07-03-2024 16:45:15,07-03-2024 16:48:10,2m - 55.410s,PASSED
"openBrowser("""")",Chrome 122.0.0.0,,,07-03-2024 16:45:15,07-03-2024 16:45:17,1.328s,PASSED
navigateToUrl(URL),Chrome 122.0.0.0,,,07-03-2024 16:45:17,07-03-2024 16:45:37,20.039s,PASSED
"callTestCase(findTestCase(""CommonMethods/login_odtaqab""), [:], OPTIONAL)",Chrome 122.0.0.0,,,07-03-2024 16:45:37,07-03-2024 16:45:54,17.300s,PASSED
"callTestCase(findTestCase(""CommonMethods/SearchForAProduct_search""), [""searchTerm"":Single_SKU_PDP], STOP_ON_FAILURE)",Chrome 122.0.0.0,,,07-03-2024 16:45:54,07-03-2024 16:46:22,28.361s,PASSED
waitForPageLoad(0),Chrome 122.0.0.0,,,07-03-2024 16:46:22,07-03-2024 16:46:22,0.013s,PASSED
"click(findTestObject(""PLPPage/product1_PLP""), OPTIONAL)",Chrome 122.0.0.0,,,07-03-2024 16:46:22,07-03-2024 16:46:41,18.362s,PASSED
waitForPageLoad(0),Chrome 122.0.0.0,,,07-03-2024 16:46:41,07-03-2024 16:46:41,0.012s,PASSED
"click(findTestObject(""PDPPage/AddToCart_PDP""))",Chrome 122.0.0.0,,,07-03-2024 16:46:41,07-03-2024 16:46:44,3.056s,PASSED
"click(findTestObject(""HomePage/bag_header_HP""))",Chrome 122.0.0.0,,,07-03-2024 16:46:44,07-03-2024 16:46:48,4.747s,PASSED
"click(findTestObject(""CartPage/BuyButton_Cart""))",Chrome 122.0.0.0,,,07-03-2024 16:46:48,07-03-2024 16:46:54,5.714s,PASSED
"click(findTestObject(""OPCPage/paymentMethod_change_OPC""), OPTIONAL)",Chrome 122.0.0.0,,,07-03-2024 16:46:54,07-03-2024 16:47:02,8.079s,PASSED
"click(findTestObject(""OPCPage/paymentMethod_button1_OPC""), OPTIONAL)",Chrome 122.0.0.0,,,07-03-2024 16:47:02,07-03-2024 16:47:04,2.047s,PASSED
"setText(findTestObject(""OPCPage/enterCardCVV_OPC""), ""413"", OPTIONAL)",Chrome 122.0.0.0,,,07-03-2024 16:47:04,07-03-2024 16:47:05,0.955s,PASSED
"setText(findTestObject(""OPCPage/enterCardExpire_OPC""), ""1225"", OPTIONAL)",Chrome 122.0.0.0,,,07-03-2024 16:47:05,07-03-2024 16:47:06,0.921s,PASSED
"click(findTestObject(""OPCPage/cardContinue_checkout_popUP""), OPTIONAL)",Chrome 122.0.0.0,,,07-03-2024 16:47:06,07-03-2024 16:47:07,0.588s,PASSED
"j = getText(findTestObject(""OPCPage/Page_/TotalPrice_opc""))",Chrome 122.0.0.0,,,07-03-2024 16:47:07,07-03-2024 16:47:10,2.941s,PASSED
"j1 = replace(""$"", """").replace("","", """")",Chrome 122.0.0.0,,,07-03-2024 16:47:10,07-03-2024 16:47:10,0.005s,PASSED
"a = getText(findTestObject(""OPCPage/coupon_pricevalue_OPC""))",Chrome 122.0.0.0,,,07-03-2024 16:47:10,07-03-2024 16:47:10,0.317s,PASSED
"a1 = replace(""$"", """").replace("","", """")",Chrome 122.0.0.0,,,07-03-2024 16:47:10,07-03-2024 16:47:10,0.001s,PASSED
"click(findTestObject(""OPCPage/coupon_button_OPC""))",Chrome 122.0.0.0,,,07-03-2024 16:47:10,07-03-2024 16:47:10,0.368s,PASSED
"click(findTestObject(""OPCPage/couon1_utilize_OPC""))",Chrome 122.0.0.0,,,07-03-2024 16:47:10,07-03-2024 16:47:11,0.562s,PASSED
"b = getText(findTestObject(""OPCPage/coupon_pricevalue_OPC""))",Chrome 122.0.0.0,,,07-03-2024 16:47:11,07-03-2024 16:47:14,3.429s,PASSED
"b1 = replace(""$"", """").replace("","", """")",Chrome 122.0.0.0,,,07-03-2024 16:47:14,07-03-2024 16:47:14,0.001s,PASSED
out.println(a1),Chrome 122.0.0.0,,,07-03-2024 16:47:14,07-03-2024 16:47:14,0.001s,PASSED
out.println(b1),Chrome 122.0.0.0,,,07-03-2024 16:47:14,07-03-2024 16:47:14,0.001s,PASSED
if (a1 != b1),Chrome 122.0.0.0,,,07-03-2024 16:47:14,07-03-2024 16:47:14,0.002s,PASSED
"k = getText(findTestObject(""OPCPage/Page_/TotalPrice_opc""))",Chrome 122.0.0.0,,,07-03-2024 16:47:14,07-03-2024 16:47:15,0.318s,PASSED
"k1 = replace(""$"", """").replace("","", """")",Chrome 122.0.0.0,,,07-03-2024 16:47:15,07-03-2024 16:47:15,0.000s,PASSED
out.println(j1),Chrome 122.0.0.0,,,07-03-2024 16:47:15,07-03-2024 16:47:15,0.001s,PASSED
out.println(k1),Chrome 122.0.0.0,,,07-03-2024 16:47:15,07-03-2024 16:47:15,0.000s,PASSED
if (j1 >= k1),Chrome 122.0.0.0,,,07-03-2024 16:47:15,07-03-2024 16:47:15,0.001s,PASSED
"click(findTestObject(""OPCPage/Final_comparar_OPC""))",Chrome 122.0.0.0,,,07-03-2024 16:47:15,07-03-2024 16:47:15,0.349s,PASSED
delay(15),Chrome 122.0.0.0,,,07-03-2024 16:47:15,07-03-2024 16:47:30,15.020s,PASSED
"click(findTestObject(""HomePage/logo_confirmPage""))",Chrome 122.0.0.0,,,07-03-2024 16:47:30,07-03-2024 16:47:39,8.658s,PASSED
Start listener action : sampleAfterTestCase,Chrome 122.0.0.0,,,07-03-2024 16:47:39,07-03-2024 16:48:10,31.714s,ERROR
,,,,,,,
Test Cases/ArangeByLogin/Checkout/TS_SMOKE_SUITE_082,Chrome 122.0.0.0,To verify the functionality of editing the card  in checkout flow for loggedin user,,07-03-2024 16:48:10,07-03-2024 16:50:52,2m - 41.168s,FAILED
"openBrowser("""")",Chrome 122.0.0.0,,,07-03-2024 16:48:11,07-03-2024 16:48:12,1.045s,PASSED
navigateToUrl(URL),Chrome 122.0.0.0,,,07-03-2024 16:48:12,07-03-2024 16:48:30,18.089s,PASSED
"callTestCase(findTestCase(""CommonMethods/login_odtaqab""), [:], STOP_ON_FAILURE)",Chrome 122.0.0.0,,,07-03-2024 16:48:30,07-03-2024 16:48:46,16.420s,PASSED
"callTestCase(findTestCase(""CommonMethods/EmptyCart_RunAt_HP""), [:], OPTIONAL)",Chrome 122.0.0.0,,,07-03-2024 16:48:46,07-03-2024 16:49:16,29.993s,PASSED
"click(findTestObject(""HomePage/Logo_hp""))",Chrome 122.0.0.0,,,07-03-2024 16:49:16,07-03-2024 16:49:16,0.336s,PASSED
"callTestCase(findTestCase(""CommonMethods/SearchForAProduct_search""), [""searchTerm"":Single_SKU_PDP], STOP_ON_FAILURE)",Chrome 122.0.0.0,,,07-03-2024 16:49:16,07-03-2024 16:49:31,14.408s,PASSED
"click(findTestObject(""PLPPage/product1_discountPrice_PLP""), OPTIONAL)",Chrome 122.0.0.0,,,07-03-2024 16:49:31,07-03-2024 16:49:49,18.183s,PASSED
"click(findTestObject(""PDPPage/AddToCart_PDP""))",Chrome 122.0.0.0,,,07-03-2024 16:49:49,07-03-2024 16:49:52,3.255s,PASSED
"click(findTestObject(""HomePage/bag_header_HP""))",Chrome 122.0.0.0,,,07-03-2024 16:49:52,07-03-2024 16:49:58,5.298s,PASSED
"click(findTestObject(""CartPage/BuyButton_Cart""))",Chrome 122.0.0.0,,,07-03-2024 16:49:58,07-03-2024 16:50:00,2.301s,PASSED
"click(findTestObject(""OPCPage/paymentMethod_change_OPC""))",Chrome 122.0.0.0,,,07-03-2024 16:50:00,07-03-2024 16:50:09,8.752s,PASSED
"scrollToElement(findTestObject(""OPCPage/card3_Option_OPC""), 0)",Chrome 122.0.0.0,,,07-03-2024 16:50:09,07-03-2024 16:50:10,1.507s,PASSED
"click(findTestObject(""OPCPage/card3_Option_OPC""))",Chrome 122.0.0.0,,,07-03-2024 16:50:10,07-03-2024 16:50:11,0.413s,PASSED
"waitForElementPresent(findTestObject(""OPCPage/option2DropDown_editos_card_OPC""), 0)",Chrome 122.0.0.0,,,07-03-2024 16:50:11,07-03-2024 16:50:11,0.564s,PASSED
"click(findTestObject(""OPCPage/option2DropDown_editos_card_OPC""))",Chrome 122.0.0.0,,,07-03-2024 16:50:11,07-03-2024 16:50:12,0.380s,PASSED
"sendKeys(findTestObject(""OPCPage/AddressSection_card_popup_enterPINCODE_OPC""), Keys.chord(CONTROL, ""a""))",Chrome 122.0.0.0,,,07-03-2024 16:50:12,07-03-2024 16:50:17,5.476s,FAILED
Start listener action : sampleAfterTestCase,Chrome 122.0.0.0,,,07-03-2024 16:50:17,07-03-2024 16:50:52,34.593s,ERROR
,,,,,,,
Test Cases/ArangeByLogin/Checkout/TS_SMOKE_SUITE_083,Chrome 122.0.0.0,To verify the display of Order confirmation page for loggedin user,,07-03-2024 16:50:52,07-03-2024 16:51:27,34.942s,FAILED
"callTestCase(findTestCase(""CommonMethods/SearchForAProduct_search""), [""searchTerm"":Single_SKU_PDP], STOP_ON_FAILURE)",Chrome 122.0.0.0,,,07-03-2024 16:50:52,07-03-2024 16:50:52,0.494s,FAILED
Start listener action : sampleAfterTestCase,Chrome 122.0.0.0,,,07-03-2024 16:50:52,07-03-2024 16:51:27,34.369s,ERROR
,,,,,,,
Test Cases/ArangeByLogin/Checkout/TS_SMOKE_SUITE_086,Chrome 122.0.0.0,"To verify logged in user is able to place order for Softline item using Credit Card ,CIE and Paypal payment methods",,07-03-2024 16:51:27,07-03-2024 16:53:55,2m - 28.673s,PASSED
navigateToUrl(URL),Chrome 122.0.0.0,,,07-03-2024 16:51:27,07-03-2024 16:51:43,16.338s,PASSED
waitForPageLoad(0),Chrome 122.0.0.0,,,07-03-2024 16:51:43,07-03-2024 16:51:43,0.055s,PASSED
"callTestCase(findTestCase(""CommonMethods/SearchForAProduct_search""), [""searchTerm"":Single_SKU_PDP], STOP_ON_FAILURE)",Chrome 122.0.0.0,,,07-03-2024 16:51:43,07-03-2024 16:52:00,17.096s,PASSED
"click(findTestObject(""PLPPage/product1_discountPrice_PLP""), OPTIONAL)",Chrome 122.0.0.0,,,07-03-2024 16:52:00,07-03-2024 16:52:15,14.996s,PASSED
"click(findTestObject(""PDPPage/AddToCart_PDP""))",Chrome 122.0.0.0,,,07-03-2024 16:52:15,07-03-2024 16:52:18,3.158s,PASSED
"click(findTestObject(""HomePage/bag_header_HP""))",Chrome 122.0.0.0,,,07-03-2024 16:52:18,07-03-2024 16:52:23,4.537s,PASSED
"click(findTestObject(""CartPage/BuyButton_Cart""))",Chrome 122.0.0.0,,,07-03-2024 16:52:23,07-03-2024 16:52:25,2.477s,PASSED
"click(findTestObject(""OPCPage/paymentMethod_change_OPC""))",Chrome 122.0.0.0,,,07-03-2024 16:52:25,07-03-2024 16:52:32,6.285s,PASSED
"click(findTestObject(""OPCPage/paymentMethod_button2_OPC""))",Chrome 122.0.0.0,,,07-03-2024 16:52:32,07-03-2024 16:52:33,1.532s,PASSED
"click(findTestObject(""OPCPage/label_Cambiar_payment_opc""), OPTIONAL)",Chrome 122.0.0.0,,,07-03-2024 16:52:33,07-03-2024 16:52:46,12.848s,PASSED
"callTestCase(findTestCase(""CommonMethods/paypal(changepaymentmethod)pay""), [:], OPTIONAL)",Chrome 122.0.0.0,,,07-03-2024 16:52:46,07-03-2024 16:52:58,11.625s,PASSED
"click(findTestObject(""OPCPage/button_Continuar_payment_opc""))",Chrome 122.0.0.0,,,07-03-2024 16:52:58,07-03-2024 16:52:58,0.355s,PASSED
"click(findTestObject(""OPCPage/Final_paypal_final(terminar)_OPC""))",Chrome 122.0.0.0,,,07-03-2024 16:52:58,07-03-2024 16:53:04,5.799s,PASSED
"verifyElementPresent(findTestObject(""OPCPage/ConfirmOrder_Checkout""), 0, OPTIONAL)",Chrome 122.0.0.0,,,07-03-2024 16:53:04,07-03-2024 16:53:23,19.575s,PASSED
"click(findTestObject(""HomePage/logo_confirmPage""))",Chrome 122.0.0.0,,,07-03-2024 16:53:23,07-03-2024 16:53:24,0.335s,PASSED
Start listener action : sampleAfterTestCase,Chrome 122.0.0.0,,,07-03-2024 16:53:24,07-03-2024 16:53:55,31.578s,ERROR
,,,,,,,
Test Cases/ArangeByLogin/Checkout/TS_SMOKE_SUITE_087,Chrome 122.0.0.0,"To verify logged in user is able to place combination order for Softline and Bigticket item using Credit Card ,CIE and Paypal payment methods",,07-03-2024 16:53:55,07-03-2024 16:55:46,1m - 51.146s,PASSED
navigateToUrl(URL),Chrome 122.0.0.0,,,07-03-2024 16:53:55,07-03-2024 16:54:08,12.493s,PASSED
"callTestCase(findTestCase(""CommonMethods/SearchForAProduct_search""), [""searchTerm"":Single_SKU_PDP], STOP_ON_FAILURE)",Chrome 122.0.0.0,,,07-03-2024 16:54:08,07-03-2024 16:54:18,10.261s,PASSED
waitForPageLoad(0),Chrome 122.0.0.0,,,07-03-2024 16:54:18,07-03-2024 16:54:18,0.013s,PASSED
"click(findTestObject(""PLPPage/product1_discountPrice_PLP""), OPTIONAL)",Chrome 122.0.0.0,,,07-03-2024 16:54:18,07-03-2024 16:54:36,18.190s,PASSED
"click(findTestObject(""PDPPage/AddToCart_PDP""))",Chrome 122.0.0.0,,,07-03-2024 16:54:36,07-03-2024 16:54:39,2.533s,PASSED
"click(findTestObject(""HomePage/bag_header_HP""))",Chrome 122.0.0.0,,,07-03-2024 16:54:39,07-03-2024 16:54:44,5.213s,PASSED
"click(findTestObject(""CartPage/BuyButton_Cart""))",Chrome 122.0.0.0,,,07-03-2024 16:54:44,07-03-2024 16:54:46,2.210s,PASSED
"click(findTestObject(""OPCPage/paymentMethod_change_OPC""), OPTIONAL)",Chrome 122.0.0.0,,,07-03-2024 16:54:46,07-03-2024 16:54:53,6.933s,PASSED
"click(findTestObject(""OPCPage/paymentMethod_button1_OPC""), OPTIONAL)",Chrome 122.0.0.0,,,07-03-2024 16:54:53,07-03-2024 16:54:55,2.150s,PASSED
"setText(findTestObject(""OPCPage/enterCardCVV_OPC""), ""413"", OPTIONAL)",Chrome 122.0.0.0,,,07-03-2024 16:54:55,07-03-2024 16:54:56,0.955s,PASSED
"setText(findTestObject(""OPCPage/enterCardExpire_OPC""), ""1225"", OPTIONAL)",Chrome 122.0.0.0,,,07-03-2024 16:54:56,07-03-2024 16:54:57,0.947s,PASSED
"click(findTestObject(""OPCPage/cardContinue_checkout_popUP""), OPTIONAL)",Chrome 122.0.0.0,,,07-03-2024 16:54:57,07-03-2024 16:54:58,0.575s,PASSED
"click(findTestObject(""OPCPage/Final_comparar_OPC""))",Chrome 122.0.0.0,,,07-03-2024 16:54:58,07-03-2024 16:55:04,6.557s,PASSED
delay(15),Chrome 122.0.0.0,,,07-03-2024 16:55:04,07-03-2024 16:55:19,15.010s,PASSED
"verifyElementPresent(findTestObject(""OPCPage/ConfirmOrder_Checkout""), 0)",Chrome 122.0.0.0,,,07-03-2024 16:55:19,07-03-2024 16:55:23,3.801s,PASSED
"click(findTestObject(""HomePage/logo_confirmPage""))",Chrome 122.0.0.0,,,07-03-2024 16:55:23,07-03-2024 16:55:24,0.359s,PASSED
Start listener action : sampleAfterTestCase,Chrome 122.0.0.0,,,07-03-2024 16:55:24,07-03-2024 16:55:46,22.871s,ERROR
,,,,,,,
Test Cases/ArangeByLogin/Checkout/TS_SMOKE_SUITE_088,Chrome 122.0.0.0,To verify Logged-in user is able to place Airtime Order,,07-03-2024 16:55:46,07-03-2024 16:57:06,1m - 19.390s,FAILED
navigateToUrl(URL),Chrome 122.0.0.0,,,07-03-2024 16:55:46,07-03-2024 16:56:01,14.158s,PASSED
"click(findTestObject(""HomePage/header_Hola_text_HP""))",Chrome 122.0.0.0,,,07-03-2024 16:56:01,07-03-2024 16:56:03,2.512s,PASSED
"scrollToElement(findTestObject(""AccountManagement/Tiempo_aire_MyAccount""), 0)",Chrome 122.0.0.0,,,07-03-2024 16:56:03,07-03-2024 16:56:04,0.534s,PASSED
"scrollToElement(findTestObject(""AccountManagement/Tiempo_aire_MyAccount""), 0)",Chrome 122.0.0.0,,,07-03-2024 16:56:04,07-03-2024 16:56:04,0.694s,PASSED
"click(findTestObject(""AccountManagement/Tiempo_aire_MyAccount""))",Chrome 122.0.0.0,,,07-03-2024 16:56:04,07-03-2024 16:56:13,8.460s,PASSED
"enhancedClick(findTestObject(""AccountManagement/ATT/checkbox1_MyAccount""))",Chrome 122.0.0.0,,,07-03-2024 16:56:13,07-03-2024 16:56:13,0.654s,PASSED
"enhancedClick(findTestObject(""AccountManagement/ATT/paymentOption1_ATT_card_MyAccount""))",Chrome 122.0.0.0,,,07-03-2024 16:56:13,07-03-2024 16:56:15,1.833s,PASSED
"click(findTestObject(""AccountManagement/select_month_AM""))",Chrome 122.0.0.0,,,07-03-2024 16:56:15,07-03-2024 16:56:16,0.405s,PASSED
"click(findTestObject(""AccountManagement/ATT/SelectMonth_ATT_AM""))",Chrome 122.0.0.0,,,07-03-2024 16:56:16,07-03-2024 16:56:16,0.341s,PASSED
"click(findTestObject(""AccountManagement/select_year_AM""))",Chrome 122.0.0.0,,,07-03-2024 16:56:16,07-03-2024 16:56:17,0.596s,PASSED
"click(findTestObject(""AccountManagement/ATT/selectYear_ATT_option2025_AM""))",Chrome 122.0.0.0,,,07-03-2024 16:56:17,07-03-2024 16:56:17,0.366s,PASSED
"setText(findTestObject(""AccountManagement/ATT/card_cvv_ATT_MyAccount""), ""805"")",Chrome 122.0.0.0,,,07-03-2024 16:56:17,07-03-2024 16:56:18,0.989s,PASSED
"click(findTestObject(""AccountManagement/ATT/finalize_recharge_MyAccount""))",Chrome 122.0.0.0,,,07-03-2024 16:56:18,07-03-2024 16:56:19,0.627s,PASSED
"verifyElementPresent(findTestObject(""OPCPage/ConfirmOrder_Checkout""), 0)",Chrome 122.0.0.0,,,07-03-2024 16:56:19,07-03-2024 16:56:49,30.238s,FAILED
Start listener action : sampleAfterTestCase,Chrome 122.0.0.0,,,07-03-2024 16:56:49,07-03-2024 16:57:06,16.925s,ERROR
